Date,Susceptible,VaccinatedSusceptible,Infected,Vaccinated Infected,Hospitalized,Vaccinated Hospitalized,Recovered,Extinct
15/03/2020,919999,0,1,0,0,0,0,0
16/03/2020,919999,0,1,0,0,0,0,0
17/03/2020,919999,0,1,0,0,0,0,0
18/03/2020,919999,0,1,0,0,0,0,0
19/03/2020,919997,0,3,0,0,0,0,0
20/03/2020,919997,0,3,0,0,0,0,0
21/03/2020,919997,0,3,0,0,0,0,0
22/03/2020,919996,0,4,0,0,0,0,0
23/03/2020,919993,0,7,0,0,0,0,0
24/03/2020,919991,0,9,0,0,0,0,0
25/03/2020,919989,0,9,0,2,0,0,0
26/03/2020,919987,0,11,0,2,0,0,0
27/03/2020,919983,0,14,0,3,0,0,0
28/03/2020,919981,0,15,0,4,0,0,0
29/03/2020,919980,0,14,0,5,0,1,0
30/03/2020,919977,0,16,0,6,0,1,0
31/03/2020,919974,0,19,0,6,0,1,0
01/04/2020,919969,0,24,0,6,0,1,0
02/04/2020,919968,0,25,0,4,0,3,0
03/04/2020,919966,0,25,0,5,0,4,0
04/04/2020,919963,0,28,0,4,0,5,0
05/04/2020,919962,0,28,0,4,0,6,0
06/04/2020,919958,0,32,0,4,0,6,0
07/04/2020,919950,0,40,0,4,0,6,0
08/04/2020,919948,0,42,0,2,0,8,0
09/04/2020,919944,0,45,0,3,0,8,0
10/04/2020,919942,0,47,0,3,0,8,0
11/04/2020,919938,0,51,0,3,0,8,0
12/04/2020,919931,0,58,0,2,0,9,0
13/04/2020,919927,0,61,0,3,0,9,0
14/04/2020,919917,0,70,0,4,0,9,0
15/04/2020,919915,0,72,0,4,0,9,0
16/04/2020,919914,0,71,0,6,0,9,0
17/04/2020,919914,0,71,0,6,0,9,0
18/04/2020,919912,0,73,0,5,0,10,0
19/04/2020,919912,0,73,0,5,0,10,0
20/04/2020,919907,0,78,0,5,0,10,0
21/04/2020,919903,0,81,0,6,0,10,0
22/04/2020,919901,0,83,0,4,0,12,0
23/04/2020,919898,0,85,0,5,0,12,0
24/04/2020,919897,0,86,0,5,0,12,0
25/04/2020,919895,0,88,0,4,0,13,0
26/04/2020,919895,0,88,0,4,0,13,0
27/04/2020,919888,0,95,0,4,0,13,0
28/04/2020,919888,0,94,0,5,0,13,0
29/04/2020,919886,0,96,0,3,0,15,0
30/04/2020,919886,0,96,0,3,0,15,0
01/05/2020,919883,0,99,0,2,0,16,0
02/05/2020,919880,0,102,0,2,0,16,0
03/05/2020,919880,0,101,0,2,0,17,0
04/05/2020,919880,0,101,0,2,0,17,0
05/05/2020,919878,0,103,0,2,0,17,0
06/05/2020,919878,0,103,0,2,0,17,0
07/05/2020,919877,0,104,0,1,0,18,0
08/05/2020,919877,0,104,0,1,0,18,0
09/05/2020,919876,0,104,0,2,0,18,0
10/05/2020,919876,0,104,0,2,0,18,0
11/05/2020,919876,0,104,0,2,0,18,0
12/05/2020,919875,0,105,0,1,0,19,0
13/05/2020,919875,0,105,0,1,0,19,0
14/05/2020,919874,0,106,0,1,0,19,0
15/05/2020,919873,0,107,0,1,0,19,0
16/05/2020,919872,0,108,0,1,0,19,0
17/05/2020,919872,0,108,0,1,0,19,0
18/05/2020,919872,0,108,0,1,0,19,0
19/05/2020,919870,0,110,0,1,0,19,0
20/05/2020,919869,0,111,0,1,0,19,0
21/05/2020,919866,0,113,0,2,0,19,0
22/05/2020,919866,0,79,0,2,0,53,0
23/05/2020,919864,0,49,0,2,0,85,0
24/05/2020,919864,0,37,0,2,0,97,0
25/05/2020,919863,0,21,0,2,0,114,0
26/05/2020,919863,0,17,0,2,0,118,0
27/05/2020,919862,0,15,0,2,0,121,0
28/05/2020,919862,0,14,0,2,0,122,0
29/05/2020,919861,0,15,0,2,0,122,0
30/05/2020,919861,0,15,0,2,0,122,0
31/05/2020,919860,0,16,0,2,0,122,0
01/06/2020,919859,0,17,0,2,0,122,0
02/06/2020,919859,0,17,0,2,0,122,0
03/06/2020,919859,0,17,0,2,0,122,0
04/06/2020,919859,0,17,0,2,0,122,0
05/06/2020,919858,0,16,0,2,0,124,0
06/06/2020,919857,0,17,0,2,0,124,0
07/06/2020,919857,0,17,0,2,0,124,0
08/06/2020,919856,0,18,0,2,0,124,0
09/06/2020,919856,0,18,0,2,0,124,0
10/06/2020,919854,0,19,0,3,0,124,0
11/06/2020,919852,0,17,0,3,0,128,0
12/06/2020,919852,0,17,0,3,0,128,0
13/06/2020,919851,0,17,0,3,0,129,0
14/06/2020,919851,0,13,0,3,0,133,0
15/06/2020,919851,0,12,0,3,0,134,0
16/06/2020,919851,0,12,0,3,0,134,0
17/06/2020,919851,0,12,0,2,0,135,0
18/06/2020,919851,0,10,0,1,0,138,0
19/06/2020,919851,0,10,0,1,0,138,0
20/06/2020,919850,0,11,0,1,0,138,0
21/06/2020,919850,0,11,0,1,0,138,0
22/06/2020,919850,0,11,0,0,0,139,0
23/06/2020,919850,0,10,0,0,0,140,0
24/06/2020,919850,0,10,0,0,0,140,0
25/06/2020,919848,0,11,0,0,0,141,0
26/06/2020,919848,0,11,0,0,0,141,0
27/06/2020,919848,0,11,0,0,0,141,0
28/06/2020,919847,0,10,0,1,0,142,0
29/06/2020,919846,0,11,0,1,0,142,0
30/06/2020,919845,0,11,0,1,0,143,0
01/07/2020,919845,0,11,0,1,0,143,0
02/07/2020,919845,0,9,0,1,0,145,0
03/07/2020,919844,0,7,0,1,0,148,0
04/07/2020,919842,0,9,0,1,0,148,0
05/07/2020,919842,0,9,0,1,0,148,0
06/07/2020,919842,0,9,0,0,0,149,0
07/07/2020,919841,0,10,0,0,0,149,0
08/07/2020,919840,0,11,0,0,0,149,0
09/07/2020,919840,0,11,0,0,0,149,0
10/07/2020,919834,0,17,0,0,0,149,0
11/07/2020,919834,0,17,0,0,0,149,0
12/07/2020,919833,0,18,0,0,0,149,0
13/07/2020,919832,0,18,0,0,0,150,0
14/07/2020,919831,0,19,0,0,0,150,0
15/07/2020,919826,0,23,0,1,0,150,0
16/07/2020,919826,0,23,0,1,0,150,0
17/07/2020,919823,0,24,0,1,0,152,0
18/07/2020,919822,0,25,0,1,0,152,0
19/07/2020,919822,0,25,0,1,0,152,0
20/07/2020,919820,0,26,0,1,0,153,0
21/07/2020,919820,0,26,0,1,0,153,0
22/07/2020,919815,0,31,0,0,0,154,0
23/07/2020,919814,0,32,0,0,0,154,0
24/07/2020,919810,0,34,0,1,0,155,0
25/07/2020,919808,0,36,0,1,0,155,0
26/07/2020,919807,0,37,0,1,0,155,0
27/07/2020,919805,0,37,0,1,0,157,0
28/07/2020,919800,0,41,0,1,0,158,0
29/07/2020,919793,0,44,0,4,0,159,0
30/07/2020,919776,0,59,0,5,0,160,0
31/07/2020,919768,0,67,0,4,0,161,0
01/08/2020,919761,0,67,0,4,0,168,0
02/08/2020,919757,0,71,0,4,0,168,0
03/08/2020,919744,0,84,0,3,0,169,0
04/08/2020,919735,0,91,0,4,0,170,0
05/08/2020,919728,0,92,0,5,0,175,0
06/08/2020,919723,0,97,0,5,0,175,0
07/08/2020,919715,0,103,0,5,0,177,0
08/08/2020,919711,0,107,0,5,0,177,0
09/08/2020,919707,0,108,0,4,0,181,0
10/08/2020,919694,0,120,0,4,0,182,0
11/08/2020,919685,0,129,0,4,0,182,0
12/08/2020,919680,0,133,0,1,0,186,0
13/08/2020,919671,0,137,0,1,0,191,0
14/08/2020,919662,0,143,0,1,0,194,0
15/08/2020,919659,0,145,0,1,0,195,0
16/08/2020,919653,0,150,0,1,0,196,0
17/08/2020,919646,0,155,0,1,0,198,0
18/08/2020,919633,0,167,0,1,0,199,0
19/08/2020,919628,0,166,0,1,0,205,0
20/08/2020,919619,0,168,0,1,0,212,0
21/08/2020,919611,0,163,0,0,0,226,0
22/08/2020,919608,0,156,0,0,0,236,0
23/08/2020,919602,0,158,0,0,0,240,0
24/08/2020,919593,0,162,0,0,0,245,0
25/08/2020,919586,0,157,0,0,0,257,0
26/08/2020,919575,0,159,0,1,0,265,0
27/08/2020,919570,0,158,0,1,0,271,0
28/08/2020,919567,0,155,0,1,0,277,0
29/08/2020,919565,0,148,0,2,0,285,0
30/08/2020,919563,0,145,0,3,0,289,0
31/08/2020,919562,0,142,0,2,0,294,0
01/09/2020,919560,0,130,0,2,0,308,0
02/09/2020,919559,0,122,0,2,0,317,0
03/09/2020,919558,0,118,0,2,0,322,0
04/09/2020,919554,0,112,0,0,0,334,0
05/09/2020,919553,0,106,0,0,0,341,0
06/09/2020,919553,0,102,0,0,0,345,0
07/09/2020,919552,0,96,0,0,0,352,0
08/09/2020,919550,0,91,0,0,0,359,0
09/09/2020,919548,0,82,0,0,0,370,0
10/09/2020,919546,0,79,0,0,0,375,0
11/09/2020,919542,0,73,0,0,0,385,0
12/09/2020,919538,0,70,0,0,0,392,0
13/09/2020,919538,0,68,0,0,0,394,0
14/09/2020,919532,0,68,0,1,0,399,0
15/09/2020,919524,0,66,0,1,0,409,0
16/09/2020,919516,0,67,0,1,0,416,0
17/09/2020,919508,0,64,0,2,0,426,0
18/09/2020,919497,0,72,0,2,0,429,0
19/09/2020,919489,0,78,0,2,0,431,0
20/09/2020,919480,0,83,0,4,0,433,0
21/09/2020,919473,0,88,0,4,0,435,0
22/09/2020,919461,0,98,0,5,0,436,0
23/09/2020,919437,0,118,0,6,0,439,0
24/09/2020,919428,0,122,0,8,0,442,0
25/09/2020,919409,0,137,0,8,0,446,0
26/09/2020,919405,0,129,0,10,0,456,0
27/09/2020,919389,0,139,0,12,0,460,0
28/09/2020,919368,0,160,0,10,0,462,0
29/09/2020,919355,0,172,0,7,0,466,0
30/09/2020,919341,0,184,0,7,0,468,0
01/10/2020,919330,0,193,0,5,0,472,0
02/10/2020,919314,0,205,0,6,0,475,0
03/10/2020,919295,0,219,0,5,0,481,0
04/10/2020,919280,0,226,0,5,0,489,0
05/10/2020,919253,0,252,0,5,0,490,0
06/10/2020,919238,0,262,0,4,0,496,0
07/10/2020,919204,0,288,0,3,0,505,0
08/10/2020,919184,0,298,0,6,0,512,0
09/10/2020,919150,0,324,0,4,0,522,0
10/10/2020,919134,0,332,0,4,0,530,0
11/10/2020,919094,0,365,0,4,0,537,0
12/10/2020,919038,0,409,0,6,0,547,0
13/10/2020,918984,0,453,0,7,0,556,0
14/10/2020,918897,0,531,0,6,0,566,0
15/10/2020,918768,0,633,0,12,0,587,0
16/10/2020,918665,0,723,0,14,0,598,0
17/10/2020,918590,0,778,0,22,0,610,0
18/10/2020,918548,0,813,0,21,0,618,0
19/10/2020,918425,0,917,0,24,0,634,0
20/10/2020,918300,0,1019,0,21,0,660,0
21/10/2020,918162,0,1142,0,24,0,672,0
22/10/2020,918023,0,1267,0,21,0,689,0
23/10/2020,917906,0,1373,0,21,0,700,0
24/10/2020,917834,0,1426,0,23,0,717,0
25/10/2020,917746,0,1499,0,22,0,733,0
26/10/2020,917600,0,1624,0,24,0,752,0
27/10/2020,917495,0,1698,0,25,0,782,0
28/10/2020,917405,0,1767,0,23,0,805,0
29/10/2020,917279,0,1858,0,26,0,837,0
30/10/2020,917108,0,2003,0,26,0,863,0
31/10/2020,916990,0,2086,0,25,0,899,0
01/11/2020,916859,0,2201,0,24,0,916,0
02/11/2020,916697,0,2323,0,24,0,956,0
03/11/2020,916548,0,2419,0,23,0,1009,1
04/11/2020,916322,0,2586,0,26,0,1065,1
05/11/2020,916124,0,2687,0,31,0,1157,1
06/11/2020,915886,0,2794,0,29,0,1290,1
07/11/2020,915752,0,2823,0,27,0,1397,1
08/11/2020,915668,0,2816,0,29,0,1486,1
09/11/2020,915482,0,2952,0,30,0,1535,1
10/11/2020,915318,0,2994,0,25,0,1662,1
11/11/2020,915128,0,3053,0,25,0,1793,1
12/11/2020,914920,0,3118,0,23,0,1938,1
13/11/2020,914749,0,3148,0,24,0,2078,1
14/11/2020,914614,0,3160,0,27,0,2198,1
15/11/2020,914496,0,3201,0,23,0,2279,1
16/11/2020,914248,0,3355,0,25,0,2371,1
17/11/2020,914022,0,3431,0,25,0,2521,1
18/11/2020,913768,0,3578,0,28,0,2625,1
19/11/2020,913507,0,3736,0,32,0,2724,1
20/11/2020,913212,0,3865,0,41,0,2881,1
21/11/2020,913019,0,3789,0,41,0,3150,1
22/11/2020,912819,0,3785,0,45,0,3350,1
23/11/2020,912548,0,3852,0,46,0,3553,1
24/11/2020,912297,0,3830,0,51,0,3821,1
25/11/2020,912039,0,3807,0,52,0,4101,1
26/11/2020,911810,0,3678,0,56,0,4455,1
27/11/2020,911550,0,3625,0,57,0,4767,1
28/11/2020,911341,0,3600,0,63,0,4995,1
29/11/2020,911174,0,3636,0,69,0,5120,1
30/11/2020,910857,0,3845,0,69,0,5228,1
01/12/2020,910518,0,3986,0,63,0,5432,1
02/12/2020,910268,0,4027,0,64,0,5640,1
03/12/2020,909959,0,4062,0,61,0,5917,1
04/12/2020,909718,0,4000,0,57,0,6223,2
05/12/2020,909603,0,3953,0,63,0,6379,2
06/12/2020,909543,0,3913,0,69,0,6473,2
07/12/2020,909452,0,3780,0,67,0,6699,2
08/12/2020,909346,0,3650,0,66,0,6936,2
09/12/2020,909171,0,3658,0,66,0,7103,2
10/12/2020,908913,0,3771,0,64,0,7249,3
11/12/2020,908606,0,3973,0,65,0,7353,3
12/12/2020,908268,0,4125,0,66,0,7538,3
13/12/2020,907947,0,4344,0,67,0,7639,3
14/12/2020,907583,0,4470,0,70,0,7873,4
15/12/2020,907209,0,4688,0,74,0,8025,4
16/12/2020,906848,0,4817,0,75,0,8256,4
17/12/2020,906398,0,4964,0,68,0,8566,4
18/12/2020,906052,0,5032,0,72,0,8840,4
19/12/2020,905757,0,5179,0,80,0,8980,4
20/12/2020,905505,0,5282,0,88,0,9121,4
21/12/2020,905049,0,5442,0,95,0,9410,4
22/12/2020,904653,0,5548,0,95,0,9700,4
23/12/2020,904273,0,5641,0,110,0,9972,4
24/12/2020,903994,0,5657,0,105,0,10240,4
25/12/2020,903956,0,5538,0,109,0,10393,4
26/12/2020,903605,0,5693,0,112,0,10586,4
27/12/2020,903288,-27,5926,0,115,0,10694,4
28/12/2020,902614,-60,6376,0,115,0,10951,4
29/12/2020,902049,-81,6754,0,120,0,11153,5
30/12/2020,901470,-89,7167,0,115,0,11332,5
31/12/2020,900948,-100,7540,0,115,0,11492,5
01/01/2021,900768,-100,7577,0,130,0,11620,5
02/01/2021,900138,-110,7943,0,140,0,11884,5
03/01/2021,899706,-128,8046,0,139,0,12232,5
04/01/2021,899100,-153,8210,0,136,0,12702,5
05/01/2021,898539,-179,8433,0,135,0,13067,5
06/01/2021,898125,-179,8519,0,151,0,13379,5
07/01/2021,897113,341,8660,0,159,0,13722,5
08/01/2021,896228,856,8668,0,165,0,14077,6
09/01/2021,895384,1379,8708,0,176,0,14347,6
10/01/2021,894612,1912,8687,0,181,0,14602,6
11/01/2021,893756,2468,8611,0,178,0,14981,6
12/01/2021,892931,3044,8234,0,174,0,15610,7
13/01/2021,892082,3641,7420,0,179,0,16671,7
14/01/2021,891262,4263,7075,0,177,0,17215,8
15/01/2021,890389,4898,6675,1,175,0,17854,8
16/01/2021,889558,5564,6347,1,171,0,18350,9
17/01/2021,888706,6265,5559,2,185,0,19270,13
18/01/2021,887866,6954,5028,3,176,0,19958,15
19/01/2021,886984,7662,4605,3,172,0,20558,16
20/01/2021,886113,8374,4285,3,166,0,21043,16
21/01/2021,885286,9085,4058,4,156,0,21395,16
22/01/2021,884465,9806,3674,4,152,0,21882,17
23/01/2021,883618,10532,3486,6,151,0,22188,19
24/01/2021,882806,11242,3244,6,147,0,22536,19
25/01/2021,881985,11934,2987,6,140,0,22929,19
26/01/2021,881184,12607,2788,7,133,0,23262,19
27/01/2021,880426,13259,2577,9,134,0,23576,19
28/01/2021,879669,13894,2449,9,134,0,23825,20
29/01/2021,878930,14514,2292,10,126,0,24108,20
30/01/2021,878226,15128,2181,10,124,0,24311,20
31/01/2021,877537,15718,2110,10,129,1,24474,21
01/02/2021,876875,16280,2011,12,120,1,24678,23
02/02/2021,876200,16819,1914,14,115,1,24913,24
03/02/2021,875572,17334,1862,14,113,1,25080,24
04/02/2021,874954,17819,1832,14,107,2,25248,24
05/02/2021,874359,18288,1822,14,108,2,25382,25
06/02/2021,873804,18740,1825,12,101,2,25491,25
07/02/2021,873189,19264,1787,12,106,2,25614,26
08/02/2021,872514,19832,1740,13,97,2,25773,29
09/02/2021,871794,20453,1706,15,89,2,25912,29
10/02/2021,870961,21182,1658,12,86,3,26067,31
11/02/2021,870092,21958,1651,11,84,3,26169,32
12/02/2021,869129,22836,1625,10,78,2,26288,32
13/02/2021,868078,23774,1640,11,84,1,26379,33
14/02/2021,866993,24763,1630,12,83,2,26484,33
15/02/2021,865920,25734,1612,14,83,2,26601,34
16/02/2021,864804,26756,1602,13,86,2,26702,35
17/02/2021,863663,27806,1555,12,84,2,26843,35
18/02/2021,862481,28870,1554,12,84,2,26961,36
19/02/2021,861310,29962,1511,12,77,2,27090,36
20/02/2021,860066,31083,1523,10,84,3,27195,36
21/02/2021,858690,32367,1528,9,89,3,27278,36
22/02/2021,857108,33790,1553,8,88,3,27414,36
23/02/2021,855403,35336,1605,7,86,4,27523,36
24/02/2021,853393,37187,1670,10,87,4,27613,36
25/02/2021,851088,39287,1787,10,86,4,27702,36
26/02/2021,848511,41677,1877,11,83,3,27802,36
27/02/2021,845732,44193,2061,13,83,3,27878,37
28/02/2021,843017,46699,2181,13,89,5,27959,37
01/03/2021,840364,49112,2294,15,78,5,28095,37
02/03/2021,837753,51469,2451,15,83,5,28187,37
03/03/2021,835327,53631,2628,15,86,6,28270,37
04/03/2021,833025,55654,2788,16,97,6,28377,37
05/03/2021,830929,57485,2922,16,107,5,28499,37
06/03/2021,828778,59325,3147,19,114,4,28576,37
07/03/2021,826614,61200,3324,22,133,4,28666,37
08/03/2021,824423,63011,3562,24,141,4,28798,37
09/03/2021,822278,64784,3775,27,153,4,28941,38
10/03/2021,820082,66532,4042,30,161,4,29110,39
11/03/2021,817980,68253,4239,38,180,5,29266,39
12/03/2021,815886,69943,4452,40,181,8,29451,39
13/03/2021,813821,71665,4645,43,177,10,29600,39
14/03/2021,811721,73422,4771,48,188,8,29802,40
15/03/2021,809697,75183,4854,49,196,9,29972,40
16/03/2021,807526,76908,4996,60,202,8,30260,40
17/03/2021,805405,78641,5159,67,193,9,30486,40
18/03/2021,803322,80383,5265,72,183,9,30726,40
19/03/2021,801213,82114,5304,78,179,9,31063,40
20/03/2021,799127,83862,5398,82,178,8,31305,40
21/03/2021,797050,85580,5495,91,183,7,31554,40
22/03/2021,794989,87209,5487,96,189,6,31984,40
23/03/2021,793137,88754,5418,105,193,8,32345,40
24/03/2021,791273,90288,5385,111,186,7,32709,41
25/03/2021,789402,91862,5372,115,180,9,33018,42
26/03/2021,787563,93367,5301,117,172,9,33428,43
27/03/2021,785798,94852,5271,131,171,9,33725,43
28/03/2021,783997,96355,5266,133,180,10,34016,43
29/03/2021,782042,97837,5352,143,167,10,34406,43
30/03/2021,780205,99284,5347,146,156,7,34811,44
31/03/2021,778338,100705,5380,148,151,8,35226,44
01/04/2021,776435,102200,5473,160,165,9,35514,44
02/04/2021,774514,103594,5592,171,159,11,35915,44
03/04/2021,772657,105070,5608,181,173,11,36256,44
04/04/2021,770610,106699,5734,179,177,11,36545,45
05/04/2021,768362,108324,5897,182,172,10,37008,45
06/04/2021,766093,110056,6039,191,176,7,37393,45
07/04/2021,763663,111949,6237,208,171,7,37720,45
08/04/2021,760931,114091,6497,212,173,6,38043,47
09/04/2021,757945,116529,6704,223,163,7,38382,47
10/04/2021,754892,119080,6924,225,169,11,38651,48
11/04/2021,751937,121645,7003,224,175,14,38954,48
12/04/2021,748855,124105,7208,217,180,13,39374,48
13/04/2021,745865,126489,7414,234,170,15,39765,48
14/04/2021,742952,128777,7609,241,187,17,40168,49
15/04/2021,740218,130845,7806,251,204,18,40609,49
16/04/2021,737629,132719,8030,265,218,17,41072,50
17/04/2021,734639,134909,8459,265,222,18,41438,50
18/04/2021,731377,137444,8804,273,233,19,41798,52
19/04/2021,727771,140039,9149,294,247,20,42427,53
20/04/2021,724025,142961,9426,296,246,17,42976,53
21/04/2021,719890,146234,9741,314,254,21,43493,53
22/04/2021,715359,149941,10000,333,253,23,44038,53
23/04/2021,710304,154080,10333,342,253,25,44610,53
24/04/2021,705135,158439,10676,370,250,26,45051,53
25/04/2021,699783,163233,10755,384,257,26,45508,54
26/04/2021,694146,167960,11040,411,261,30,46097,55
27/04/2021,688682,172728,11121,428,249,29,46707,56
28/04/2021,682974,177690,11196,451,238,27,47367,57
29/04/2021,677389,182540,11220,482,240,23,48049,57
30/04/2021,671984,187418,11038,485,230,25,48762,58
01/05/2021,666623,192425,10762,474,232,23,49403,58
02/05/2021,661075,197931,10164,459,242,22,50049,58
03/05/2021,654919,203643,9856,468,237,21,50797,59
04/05/2021,648740,209107,9642,479,230,26,51715,61
05/05/2021,642415,214891,9141,480,210,25,52776,62
06/05/2021,635853,221037,8705,474,208,26,53635,62
07/05/2021,629150,227400,8033,455,191,26,54682,63
08/05/2021,621870,234275,7691,461,197,26,55417,63
09/05/2021,614320,241561,7336,447,189,28,56056,63
10/05/2021,606905,248623,6802,408,175,27,56996,64
11/05/2021,599230,256021,6311,387,158,27,57801,65
12/05/2021,590941,264104,5756,371,146,25,58592,65
13/05/2021,582488,272344,5303,337,143,23,59296,66
14/05/2021,574045,280614,4799,303,136,23,60013,67
15/05/2021,566299,288201,4591,303,133,24,60382,67
16/05/2021,559172,295188,4477,297,140,25,60634,67
17/05/2021,552180,301997,4208,281,124,21,61120,69
18/05/2021,545542,308484,3822,264,122,22,61675,69
19/05/2021,539707,314199,3408,237,120,24,62236,69
20/05/2021,534189,319610,3102,213,108,22,62687,69
21/05/2021,529048,324616,2844,192,103,17,63111,69
22/05/2021,523992,329574,2656,186,93,16,63414,69
23/05/2021,518868,334641,2457,175,93,15,63682,69
24/05/2021,514061,339351,2178,162,80,15,64083,70
25/05/2021,509313,344019,1970,137,74,13,64403,71
26/05/2021,505316,347944,1812,130,71,11,64644,72
27/05/2021,501301,351875,1713,123,67,11,64838,72
28/05/2021,497598,355510,1584,108,57,8,65063,72
29/05/2021,493902,359141,1506,105,57,8,65209,72
30/05/2021,490211,362788,1386,99,56,8,65380,72
31/05/2021,487702,365244,1246,90,52,7,65587,72
01/06/2021,485565,367309,1146,95,48,7,65758,72
02/06/2021,483842,368983,1083,87,44,6,65883,72
03/06/2021,482141,370616,1028,90,41,8,66004,72
04/06/2021,480206,372479,964,102,40,7,66129,73
05/06/2021,478088,374548,913,99,39,7,66233,73
06/06/2021,475730,376874,870,95,36,6,66315,74
07/06/2021,473292,379247,834,90,35,5,66423,74
08/06/2021,470488,381969,824,94,35,3,66513,74
09/06/2021,467090,385296,825,94,32,3,66586,74
10/06/2021,464175,388158,808,90,33,4,66658,74
11/06/2021,460913,391360,797,90,30,4,66732,74
12/06/2021,457435,394794,779,95,26,4,66793,74
13/06/2021,453654,398528,772,97,24,5,66846,74
14/06/2021,449886,402239,756,102,25,5,66913,74
15/06/2021,446269,405779,755,109,26,4,66984,74
16/06/2021,442610,409361,767,108,31,4,67045,74
17/06/2021,438761,413142,787,103,34,4,67095,74
18/06/2021,435511,416315,796,100,39,4,67161,74
19/06/2021,432482,419273,823,94,39,4,67211,74
20/06/2021,429659,422031,836,100,43,4,67253,74
21/06/2021,427162,424447,856,101,43,4,67313,74
22/06/2021,425063,426394,915,116,43,4,67391,74
23/06/2021,423332,427959,998,130,41,6,67460,74
24/06/2021,421805,429308,1102,151,43,6,67511,74
25/06/2021,420360,430525,1248,172,36,5,67580,74
26/06/2021,418863,431790,1392,204,36,7,67634,74
27/06/2021,417284,433134,1549,230,44,8,67677,74
28/06/2021,415724,434352,1785,266,46,8,67745,74
29/06/2021,414179,435476,2074,315,53,7,67822,74
30/06/2021,412362,436761,2498,364,45,8,67888,74
01/07/2021,410686,437912,2884,426,49,9,67960,74
02/07/2021,408783,439176,3341,517,52,10,68047,74
03/07/2021,406965,440404,3770,604,52,9,68122,74
04/07/2021,405006,441804,4178,665,60,12,68201,74
05/07/2021,402970,442879,4902,780,68,17,68310,74
06/07/2021,400968,443918,5621,911,64,15,68429,74
07/07/2021,398986,444886,6305,1052,73,15,68609,74
08/07/2021,396836,445932,7083,1201,80,15,68779,74
09/07/2021,394366,447309,7828,1330,81,21,68991,74
10/07/2021,391949,448795,8458,1433,94,21,69175,75
11/07/2021,389290,450588,9007,1510,98,24,69408,75
12/07/2021,386479,452121,9701,1705,100,22,69795,77
13/07/2021,383158,454211,10381,1833,111,27,70201,78
14/07/2021,379680,456477,10948,1988,117,28,70684,78
15/07/2021,376001,458888,11534,2100,126,28,71245,78
16/07/2021,372523,461112,12075,2179,131,27,71875,78
17/07/2021,368583,463999,12477,2267,149,25,72421,79
18/07/2021,364827,466854,12788,2335,161,27,72929,79
19/07/2021,360964,469367,13050,2437,163,26,73912,81
20/07/2021,357375,471895,13159,2462,170,28,74830,81
21/07/2021,353768,474398,13243,2491,182,30,75807,81
22/07/2021,350440,476744,13181,2461,187,33,76873,81
23/07/2021,347226,478977,13047,2494,181,33,77961,81
24/07/2021,343958,481370,13032,2525,179,34,78821,81
25/07/2021,341113,483494,12993,2527,203,34,79555,81
26/07/2021,337998,485588,12748,2524,200,33,80827,82
27/07/2021,334880,487880,12443,2466,216,34,81999,82
28/07/2021,331951,490049,12040,2435,218,33,83191,83
29/07/2021,329218,492075,11576,2371,208,32,84437,83
30/07/2021,326637,493997,10850,2283,205,29,85916,83
31/07/2021,324099,495885,10371,2249,210,33,87070,83
01/08/2021,321725,497966,9691,2194,220,37,88084,83
02/08/2021,319614,499442,8913,2065,221,30,89632,83
03/08/2021,317805,500755,7974,1933,219,32,91199,83
04/08/2021,315906,502124,7103,1715,214,33,92822,83
05/08/2021,313701,503769,6421,1598,211,35,94182,83
06/08/2021,311395,505601,5720,1479,210,37,95475,83
07/08/2021,308974,507587,5396,1438,214,37,96271,83
08/08/2021,306556,509658,5156,1400,212,37,96898,83
09/08/2021,304105,511467,4792,1336,203,38,97975,84
10/08/2021,301960,513188,4541,1275,191,44,98716,85
11/08/2021,300195,514498,4381,1239,177,48,99376,86
12/08/2021,298694,515612,4285,1210,179,51,99882,87
13/08/2021,296960,516965,4010,1153,172,50,100601,89
14/08/2021,295364,518239,3898,1141,169,47,101053,89
15/08/2021,294067,519430,3694,1071,169,45,101435,89
16/08/2021,292772,520262,3573,1035,163,49,102056,90
17/08/2021,291584,521125,3466,992,170,48,102525,90
18/08/2021,290348,521997,3375,990,161,41,102995,93
19/08/2021,288955,523043,3261,966,152,40,103488,95
20/08/2021,287624,524047,3120,931,151,36,103995,96
21/08/2021,286268,525132,3060,898,152,35,104358,97
22/08/2021,284900,526314,2918,879,156,34,104700,99
23/08/2021,283590,527288,2756,890,156,33,105188,99
24/08/2021,282230,528362,2682,887,149,30,105559,101
25/08/2021,281104,529242,2618,897,146,28,105863,102
26/08/2021,280186,529878,2605,883,132,32,106180,104
27/08/2021,279251,530565,2467,852,131,29,106599,106
28/08/2021,278085,531527,2384,831,127,27,106912,107
29/08/2021,276986,532458,2295,843,131,28,107151,108
30/08/2021,276114,533026,2172,801,126,30,107621,110
31/08/2021,275170,533750,2084,796,116,31,107943,110
01/09/2021,274226,534513,2003,791,113,29,108215,110
02/09/2021,273283,535221,1989,778,117,29,108472,111
03/09/2021,272203,536071,1939,758,109,27,108780,113
04/09/2021,271026,537075,1876,781,111,26,108992,113
05/09/2021,269873,538105,1803,774,122,28,109181,114
06/09/2021,269300,538441,1718,746,118,28,109534,115
07/09/2021,268343,539234,1653,748,109,26,109769,118
08/09/2021,267391,540021,1598,715,106,24,110026,119
09/09/2021,266337,540939,1523,685,106,20,110271,119
10/09/2021,265396,541754,1399,654,103,17,110558,119
11/09/2021,264503,542542,1323,647,97,16,110753,119
12/09/2021,263547,543415,1259,626,98,18,110918,119
13/09/2021,262885,543906,1214,591,97,20,111167,120
14/09/2021,262162,544489,1163,569,88,21,111388,120
15/09/2021,261486,545021,1146,553,84,22,111568,120
16/09/2021,260873,545522,1092,545,82,20,111746,120
17/09/2021,260237,546048,1050,507,72,21,111945,120
18/09/2021,259799,546376,1018,498,78,20,112091,120
19/09/2021,259159,546948,964,487,80,21,112221,120
20/09/2021,258719,547243,961,453,75,23,112406,120
21/09/2021,258166,547704,911,445,72,24,112558,120
22/09/2021,257606,548163,904,447,69,24,112667,120
23/09/2021,257127,548534,880,449,68,22,112800,120
24/09/2021,256611,548930,851,428,65,21,112974,120
25/09/2021,256346,549132,816,408,63,22,113093,120
26/09/2021,255855,549566,783,386,63,24,113203,120
27/09/2021,255414,549894,750,362,63,24,113373,120
28/09/2021,255057,550158,740,360,58,25,113482,120
29/09/2021,254694,550428,713,357,52,27,113609,120
30/09/2021,254384,550630,713,356,48,28,113721,120
01/10/2021,253978,550986,685,336,44,30,113821,120
02/10/2021,253658,551187,721,335,42,30,113907,120
03/10/2021,253280,551508,721,315,42,29,113984,121
04/10/2021,253054,551630,692,306,38,29,114130,121
05/10/2021,252805,551776,711,311,37,26,114213,121
06/10/2021,252546,551946,725,319,35,25,114283,121
07/10/2021,252251,552121,739,340,39,24,114365,121
08/10/2021,252014,552228,756,351,43,24,114463,121
09/10/2021,251690,552441,773,361,36,25,114552,122
10/10/2021,251381,552675,760,376,36,25,114625,122
11/10/2021,251075,552825,755,397,37,21,114768,122
12/10/2021,250740,553010,793,429,38,23,114845,122
13/10/2021,250386,553239,806,450,39,21,114937,122
14/10/2021,250051,553438,841,467,42,19,115020,122
15/10/2021,249754,553614,850,465,41,17,115137,122
16/10/2021,249390,553861,885,477,38,18,115209,122
17/10/2021,249053,554115,896,487,40,18,115268,123
18/10/2021,248790,554213,907,484,41,20,115422,123
19/10/2021,248487,554377,910,488,41,23,115551,123
20/10/2021,248186,554538,924,502,38,25,115664,123
21/10/2021,247908,554682,959,499,34,24,115771,123
22/10/2021,247568,554866,942,505,32,23,115941,123
23/10/2021,247300,555015,952,500,35,27,116048,123
24/10/2021,246913,555336,918,488,35,27,116160,123
25/10/2021,246544,555521,937,509,36,23,116307,123
26/10/2021,246160,555763,947,520,35,23,116429,123
27/10/2021,245805,555951,972,541,35,21,116551,124
28/10/2021,245404,556261,968,557,39,21,116626,124
29/10/2021,245006,556466,962,572,42,20,116808,124
30/10/2021,244650,556674,980,590,39,20,116923,124
31/10/2021,244270,556944,973,586,44,21,117038,124
01/11/2021,243894,557036,1029,652,46,24,117195,124
02/11/2021,243582,557146,1076,658,45,23,117346,124
03/11/2021,243256,557264,1121,704,46,24,117461,124
04/11/2021,242938,557359,1174,752,47,27,117579,124
05/11/2021,242602,557498,1169,776,45,28,117758,124
06/11/2021,242335,557585,1214,800,46,25,117871,124
07/11/2021,241963,557847,1199,815,48,24,117980,124
08/11/2021,241504,557988,1301,853,47,26,118157,124
09/11/2021,241066,558205,1353,880,43,25,118303,125
10/11/2021,240604,558403,1412,923,44,26,118463,125
11/11/2021,240169,558567,1451,961,51,26,118650,125
12/11/2021,239688,558851,1433,926,54,27,118896,125
13/11/2021,239208,559100,1464,962,56,25,119060,125
14/11/2021,238657,559463,1453,978,56,29,119239,125
15/11/2021,238021,559690,1560,996,54,33,119521,125
16/11/2021,237399,559905,1712,1065,51,33,119710,125
17/11/2021,236797,560174,1853,1098,48,33,119872,125
18/11/2021,236174,560410,1968,1167,49,34,120073,125
19/11/2021,235447,560739,2045,1220,53,30,120341,125
20/11/2021,234791,561140,2062,1228,58,34,120562,125
21/11/2021,234009,561731,2057,1228,62,37,120751,125
22/11/2021,233062,562157,2202,1284,62,38,121070,125
23/11/2021,232111,562686,2301,1367,61,42,121307,125
24/11/2021,231103,563285,2396,1462,59,46,121524,125
25/11/2021,230070,563869,2496,1506,56,44,121834,125
26/11/2021,228923,564526,2596,1541,58,41,122190,125
27/11/2021,227825,565198,2625,1637,65,39,122486,125
28/11/2021,226634,566086,2623,1694,67,38,122733,125
29/11/2021,225441,566628,2712,1778,66,39,123211,125
30/11/2021,224262,567197,2870,1890,66,44,123545,126
01/12/2021,223121,567832,3036,1970,65,41,123809,126
02/12/2021,221983,568432,3162,2049,67,38,124143,126
03/12/2021,220764,569129,3221,2040,67,37,124616,126
04/12/2021,219697,569772,3273,2075,73,36,124948,126
05/12/2021,218588,570609,3223,2073,75,34,125272,126
06/12/2021,217344,571098,3340,2103,79,33,125877,126
07/12/2021,216203,571664,3475,2098,79,33,126322,126
08/12/2021,215117,572179,3597,2137,82,38,126723,127
09/12/2021,214040,572659,3669,2169,94,41,127201,127
10/12/2021,213003,573129,3653,2134,91,35,127828,127
11/12/2021,212086,573561,3666,2192,93,35,128239,128
12/12/2021,211130,574139,3610,2204,94,35,128657,131
13/12/2021,210096,574410,3690,2226,96,35,129316,131
14/12/2021,209247,574638,3784,2318,98,39,129745,131
15/12/2021,208364,574935,3914,2377,101,41,130136,132
16/12/2021,207557,575093,3959,2482,98,46,130633,132
17/12/2021,206638,575371,3896,2512,102,43,131306,132
18/12/2021,205850,575658,3860,2556,108,44,131792,132
19/12/2021,204881,576168,3853,2573,111,46,132235,133
20/12/2021,203965,576275,3836,2653,112,41,132984,134
21/12/2021,202957,576407,4006,2821,109,43,133523,134
22/12/2021,201942,576569,4160,3021,110,34,134030,134
23/12/2021,201015,576595,4223,3212,101,32,134688,134
24/12/2021,199903,576796,4255,3381,105,34,135392,134
25/12/2021,199135,577233,4123,3367,101,28,135879,134
26/12/2021,198036,577274,4334,3727,105,29,136361,134
27/12/2021,196735,576549,4729,4466,103,32,137251,135
28/12/2021,195427,575415,5338,5702,108,31,137843,136
29/12/2021,193953,573545,6141,7664,116,27,138417,137
30/12/2021,192284,571221,7014,10005,114,26,139199,137
31/12/2021,190500,569249,7834,12048,109,29,140094,137
01/01/2022,189304,568217,8128,13304,118,35,140757,137
02/01/2022,187459,566298,9168,15323,129,39,141446,138
03/01/2022,184746,563264,10958,18052,122,41,142679,138
04/01/2022,182300,560835,12713,20393,126,46,143448,139
05/01/2022,179522,558398,14649,22566,126,56,144544,139
06/01/2022,177750,557174,15247,23404,130,61,146095,139
07/01/2022,174675,554927,16735,24080,122,65,149257,139
08/01/2022,172451,553448,17560,23953,133,70,152246,139
09/01/2022,170459,552435,17965,23392,146,69,155394,140
10/01/2022,167906,550857,18686,22449,143,68,159750,141
11/01/2022,165986,549821,19298,21807,148,76,162723,141
12/01/2022,163946,548696,19841,21186,149,84,165957,141
13/01/2022,161769,547853,19930,19772,145,88,170301,142
14/01/2022,159724,547239,19246,17970,144,86,175448,143
15/01/2022,158093,546743,18430,16390,152,87,179962,143
16/01/2022,156490,546519,17615,15082,149,91,183908,146
17/01/2022,154288,545944,17920,14469,151,78,187004,146
18/01/2022,152563,545607,17083,13297,149,77,191077,147
19/01/2022,150963,545070,16733,12750,149,70,194118,147
20/01/2022,149281,544686,16501,12128,158,69,197030,147
21/01/2022,147632,544222,15559,11175,154,68,201041,149
22/01/2022,146218,543750,15054,10633,149,66,203979,151
23/01/2022,144786,543410,14414,9898,160,65,207116,151
24/01/2022,142672,542670,14390,9786,145,60,210124,153
25/01/2022,141002,542072,14161,9632,150,59,212770,154
26/01/2022,139318,541261,14364,9805,159,60,214877,156
27/01/2022,137529,540567,14844,9977,154,63,216709,157
28/01/2022,135825,539821,14541,9942,146,62,219503,160
29/01/2022,134513,539087,14452,10013,142,63,221569,161
30/01/2022,132967,538457,14508,10006,151,63,223687,161
31/01/2022,130684,537343,15294,10548,146,67,225755,163
01/02/2022,128760,536422,15764,10809,144,71,227867,163
02/02/2022,126946,535259,16330,11326,148,80,229748,163
03/02/2022,125081,534179,17035,11786,141,73,231540,165
04/02/2022,123337,533142,16882,11877,136,74,234387,165
05/02/2022,121933,532176,16890,11968,133,80,236655,165
06/02/2022,120653,531265,16676,11884,136,87,239131,168
07/02/2022,118676,529947,17113,12255,133,90,241617,169
08/02/2022,117076,528797,17196,12477,115,93,244074,172
09/02/2022,115635,527581,17439,12841,116,92,246122,174
10/02/2022,114129,526435,17630,13115,121,88,248307,175
11/02/2022,112614,525496,17098,12719,112,80,251706,175
12/02/2022,111440,524740,16512,12389,113,78,254549,179
13/02/2022,110195,523995,16012,11910,113,81,257514,180
14/02/2022,108330,522956,16096,11782,114,75,260464,183
15/02/2022,106767,522053,15960,11604,111,73,263247,185
16/02/2022,105251,521149,16041,11565,113,82,265613,186
17/02/2022,103859,520416,16171,11372,107,81,267806,188
18/02/2022,102382,519684,15633,10836,103,74,271099,189
19/02/2022,101302,519059,15086,10340,102,75,273846,190
20/02/2022,100150,518455,14755,9772,100,78,276499,191
21/02/2022,98435,517591,14917,9542,105,73,279144,193
22/02/2022,97073,516802,14713,9445,100,75,281597,195
23/02/2022,95735,516051,14838,9469,90,81,283540,196
24/02/2022,94562,515389,14765,9385,89,80,285533,197
25/02/2022,93424,514795,14021,8962,82,81,288437,198
26/02/2022,92437,514265,13429,8606,82,77,290904,200
27/02/2022,91544,513780,12805,8201,82,77,293309,202
28/02/2022,90031,513045,12927,8198,80,72,295444,203
01/03/2022,88805,512370,12673,8143,80,74,297651,204
02/03/2022,87525,511635,12873,8251,77,69,299366,204
03/03/2022,86210,510933,13032,8349,71,65,301134,206
04/03/2022,84915,510264,12629,8146,68,61,303709,208
05/03/2022,83765,509673,12417,7952,66,61,305857,209
06/03/2022,82641,509087,12204,7792,64,67,307935,210
07/03/2022,81619,508524,12051,7691,65,68,309771,211
08/03/2022,79186,507243,13341,8378,70,61,311508,213
09/03/2022,77377,506118,12896,7938,63,60,315334,214
10/03/2022,75310,504839,13673,8458,60,63,317383,214
11/03/2022,73509,503763,13299,8138,53,59,320964,215
12/03/2022,71831,502754,13692,8463,57,57,322931,215
13/03/2022,70439,501926,13742,8596,61,58,324963,215
14/03/2022,67968,500595,15015,9311,66,55,326775,215
15/03/2022,65902,499467,15355,9556,66,56,329382,216
16/03/2022,63651,498001,15994,10053,72,57,331955,217
17/03/2022,61184,496641,16815,10418,74,61,334590,217
18/03/2022,58787,495255,17575,10672,72,57,337365,217
19/03/2022,56737,494033,17492,10754,74,72,340621,217
20/03/2022,54511,492695,18042,11187,79,77,343189,220
21/03/2022,51151,490828,19332,11801,84,83,346499,222
22/03/2022,48227,489130,20246,12370,82,85,349637,223
23/03/2022,45290,487437,21269,12866,73,87,352754,224
24/03/2022,42142,485544,22557,13509,67,86,355871,224
25/03/2022,40212,484231,22103,13462,73,85,359610,224
26/03/2022,37037,482391,23073,14063,80,83,363048,225
27/03/2022,34328,480772,23406,14277,85,86,366821,225
28/03/2022,30201,478538,24721,15033,82,91,371107,227
29/03/2022,27142,476757,25039,15166,84,90,375494,228
30/03/2022,24300,475054,25335,15367,82,90,379544,228
31/03/2022,21630,473507,25358,15173,75,87,383941,229
01/04/2022,20120,472522,24223,14547,76,85,388198,229
02/04/2022,17810,471138,23576,14117,77,93,392956,233
03/04/2022,16053,470068,22117,13515,85,91,397837,234
04/04/2022,13367,468676,21179,12804,81,90,403569,234
05/04/2022,11629,467614,20028,12121,79,93,408202,234
06/04/2022,9945,466710,18621,11138,79,100,413173,234
07/04/2022,8381,465926,17733,10449,72,103,417101,235
08/04/2022,7087,465306,16303,9498,66,98,421406,236
09/04/2022,5985,464741,15074,8719,67,91,425085,238
10/04/2022,5066,464242,13618,7876,65,98,428794,241
11/04/2022,3641,463674,9121,5488,66,97,437671,242
12/04/2022,2628,463231,8371,4876,65,90,440496,243
13/04/2022,1796,462852,7512,4346,58,84,443108,244
14/04/2022,936,462545,6808,3884,56,83,445440,248
15/04/2022,239,462282,6225,3523,56,79,447346,250
16/04/2022,-370,462057,5724,3183,60,77,449017,252
17/04/2022,-908,461861,5364,2909,57,73,450392,252
18/04/2022,-1613,461593,4664,2609,53,74,452367,253
19/04/2022,-2168,461393,4199,2359,46,65,453853,253
20/04/2022,-2726,461171,3922,2202,33,63,455082,253
21/04/2022,-3173,460950,3515,2119,29,54,456252,254
22/04/2022,-3556,460821,3209,1988,27,51,457204,256
23/04/2022,-3894,460706,2933,1875,26,55,458042,257
24/04/2022,-4119,460663,2631,1726,24,53,458764,258
25/04/2022,-4447,460573,2255,1558,27,52,459723,259
26/04/2022,-4936,460318,2191,1609,29,46,460483,260
27/04/2022,-5405,460148,2096,1560,27,43,461270,261
28/04/2022,-5868,460029,2114,1458,27,45,461934,261
29/04/2022,-6227,459888,2092,1473,21,39,462451,263
30/04/2022,-6603,459772,2124,1475,18,37,462911,266
01/05/2022,-6940,459695,2242,1502,17,35,463183,266
02/05/2022,-7358,459590,2338,1511,17,34,463601,267
03/05/2022,-7669,459494,2180,1331,16,32,464348,268
04/05/2022,-7962,459414,2030,1216,14,24,464995,269
05/05/2022,-8246,459343,1878,1136,13,21,465586,269
06/05/2022,-8494,459289,1801,1023,9,16,466087,269
