Date,C1_School closing,C1_combined,C2_Workplace closing,C2_combined,C3_Cancel public events,C3_combined,C4_Restrictions on gatherings,C4_combined,C5_Close public transport,C5_combined,C6_Stay at home requirements,C6_combined,C7_Restrictions on internal movement,C7_combined,C8_International travel controls,C8_combined
20200101,0,0,0,0,0,0,0,0,0,0,0,0,0,0,0,0
20200102,0,0,0,0,0,0,0,0,0,0,0,0,0,0,0,0
20200103,0,0,0,0,0,0,0,0,0,0,0,0,0,0,0,0
20200104,0,0,0,0,0,0,0,0,0,0,0,0,0,0,0,0
20200105,0,0,0,0,0,0,0,0,0,0,0,0,0,0,0,0
20200106,0,0,0,0,0,0,0,0,0,0,0,0,0,0,0,0
20200107,0,0,0,0,0,0,0,0,0,0,0,0,0,0,0,0
20200108,0,0,0,0,0,0,0,0,0,0,0,0,0,0,0,0
20200109,0,0,0,0,0,0,0,0,0,0,0,0,0,0,0,0
20200110,0,0,0,0,0,0,0,0,0,0,0,0,0,0,0,0
20200111,0,0,0,0,0,0,0,0,0,0,0,0,0,0,0,0
20200112,0,0,0,0,0,0,0,0,0,0,0,0,0,0,0,0
20200113,0,0,0,0,0,0,0,0,0,0,0,0,0,0,0,0
20200114,0,0,0,0,0,0,0,0,0,0,0,0,0,0,0,0
20200115,0,0,0,0,0,0,0,0,0,0,0,0,0,0,0,0
20200116,0,0,0,0,0,0,0,0,0,0,0,0,0,0,0,0
20200117,0,0,0,0,0,0,0,0,0,0,0,0,0,0,0,0
20200118,0,0,0,0,0,0,0,0,0,0,0,0,0,0,0,0
20200119,0,0,0,0,0,0,0,0,0,0,0,0,0,0,0,0
20200120,0,0,0,0,0,0,0,0,0,0,0,0,0,0,0,0
20200121,0,0,0,0,0,0,0,0,0,0,0,0,0,0,0,0
20200122,0,0,0,0,0,0,0,0,0,0,0,0,0,0,0,0
20200123,0,0,0,0,0,0,0,0,0,0,0,0,0,0,0,0
20200124,0,0,0,0,0,0,0,0,0,0,0,0,0,0,0,0
20200125,0,0,0,0,0,0,0,0,0,0,0,0,0,0,0,0
20200126,0,0,0,0,0,0,0,0,0,0,0,0,0,0,0,0
20200127,0,0,0,0,0,0,0,0,0,0,0,0,0,0,0,0
20200128,0,0,0,0,0,0,0,0,0,0,0,0,0,0,0,0
20200129,0,0,0,0,0,0,0,0,0,0,0,0,0,0,0,0
20200130,0,0,0,0,0,0,0,0,0,0,0,0,0,0,0,0
20200131,0,0,0,0,0,0,0,0,0,0,0,0,0,0,0,0
20200201,0,0,0,0,0,0,0,0,0,0,0,0,0,0,0,0
20200202,0,0,0,0,0,0,0,0,0,0,0,0,0,0,0,0
20200203,0,0,0,0,0,0,0,0,0,0,0,0,0,0,0,0
20200204,0,0,0,0,0,0,0,0,0,0,0,0,0,0,0,0
20200205,0,0,0,0,0,0,0,0,0,0,0,0,0,0,0,0
20200206,0,0,0,0,0,0,0,0,0,0,0,0,0,0,0,0
20200207,0,0,0,0,0,0,0,0,0,0,0,0,0,0,0,0
20200208,0,0,0,0,0,0,0,0,0,0,0,0,0,0,0,0
20200209,0,0,0,0,0,0,0,0,0,0,0,0,0,0,0,0
20200210,0,0,0,0,0,0,0,0,0,0,0,0,0,0,0,0
20200211,0,0,0,0,0,0,0,0,0,0,0,0,0,0,0,0
20200212,0,0,0,0,0,0,0,0,0,0,0,0,0,0,0,0
20200213,0,0,0,0,0,0,0,0,0,0,0,0,0,0,0,0
20200214,0,0,0,0,0,0,0,0,0,0,0,0,0,0,0,0
20200215,0,0,0,0,0,0,0,0,0,0,0,0,0,0,0,0
20200216,0,0,0,0,0,0,0,0,0,0,0,0,0,0,0,0
20200217,0,0,0,0,0,0,0,0,0,0,0,0,0,0,0,0
20200218,0,0,0,0,0,0,0,0,0,0,0,0,0,0,0,0
20200219,0,0,0,0,0,0,0,0,0,0,0,0,0,0,0,0
20200220,0,0,0,0,0,0,0,0,0,0,0,0,0,0,0,0
20200221,0,0,0,0,0,0,0,0,0,0,0,0,0,0,0,0
20200222,0,0,0,0,0,0,0,0,0,0,0,0,0,0,0,0
20200223,0,0,0,0,0,0,0,0,0,0,0,0,0,0,0,0
20200224,0,0,0,0,0,0,0,0,0,0,0,0,0,0,0,0
20200225,0,0,0,0,0,0,0,0,0,0,0,0,0,0,0,0
20200226,0,0,0,0,0,0,0,0,0,0,0,0,0,0,0,0
20200227,0,0,0,0,0,0,0,0,0,0,0,0,0,0,0,0
20200228,0,0,0,0,0,0,0,0,0,0,0,0,0,0,0,0
20200229,0,0,0,0,0,0,0,0,0,0,0,0,0,0,0,0
20200301,0,0,0,0,0,0,0,0,0,0,0,0,0,0,0,0
20200302,0,0,0,0,0,0,0,0,0,0,0,0,0,0,0,0
20200303,0,0,0,0,0,0,0,0,0,0,0,0,0,0,0,0
20200304,0,0,0,0,0,0,0,0,0,0,0,0,0,0,0,0
20200305,0,0,0,0,0,0,0,0,0,0,0,0,0,0,0,0
20200306,0,0,0,0,0,0,0,0,0,0,0,0,0,0,0,0
20200307,0,0,0,0,0,0,0,0,0,0,0,0,0,0,0,0
20200308,0,0,0,0,0,0,0,0,0,0,0,0,0,0,0,0
20200309,0,0,0,0,0,0,0,0,0,0,0,0,0,0,0,0
20200310,0,0,0,0,2,2G,0,0,0,0,0,0,0,0,0,0
20200311,0,0,0,0,2,2G,0,0,0,0,0,0,0,0,0,0
20200312,0,0,0,0,2,2G,0,0,0,0,0,0,0,0,0,0
20200313,3,3G,0,0,2,2G,0,0,0,0,0,0,0,0,2,2
20200314,3,3G,0,0,2,2G,0,0,0,0,0,0,0,0,2,2
20200315,3,3G,0,0,2,2G,0,0,0,0,0,0,0,0,4,4
20200316,3,3G,2,2G,2,2G,0,0,0,0,0,0,0,0,4,4
20200317,3,3G,2,2G,2,2G,0,0,0,0,0,0,0,0,4,4
20200318,3,3G,2,2G,2,2G,0,0,0,0,0,0,0,0,4,4
20200319,3,3G,2,2G,2,2G,0,0,0,0,0,0,0,0,4,4
20200320,3,3G,2,2G,2,2G,0,0,0,0,0,0,0,0,4,4
20200321,3,3G,2,2G,2,2G,0,0,0,0,0,0,0,0,4,4
20200322,3,3G,2,2G,2,2G,0,0,0,0,0,0,0,0,4,4
20200323,3,3G,2,2G,2,2G,4,4G,0,0,0,0,0,0,4,4
20200324,3,3G,2,2G,2,2G,4,4G,2,2G,2,2G,2,2G,4,4
20200325,3,3G,2,2G,2,2G,4,4G,2,2G,2,2G,2,2G,4,4
20200326,3,3G,2,2G,2,2G,4,4G,2,2G,2,2G,2,2G,4,4
20200327,3,3G,2,2G,2,2G,4,4G,2,2G,2,2G,2,2G,4,4
20200328,3,3G,2,2G,2,2G,4,4G,2,2G,2,2G,2,2G,4,4
20200329,3,3G,2,2G,2,2G,4,4G,2,2G,2,2G,2,2G,4,4
20200330,3,3G,2,2G,2,2G,4,4G,2,2G,2,2G,2,2G,4,4
20200331,3,3G,2,2G,2,2G,4,4G,2,2G,2,2G,2,2G,4,4
20200401,3,3G,2,2G,2,2G,4,4G,2,2G,2,2G,2,2G,4,4
20200402,3,3G,2,2G,2,2G,4,4G,2,2G,2,2G,2,2G,4,4
20200403,3,3G,2,2G,2,2G,4,4G,2,2G,2,2G,2,2G,4,4
20200404,3,3G,2,2G,2,2G,4,4G,2,2G,2,2G,2,2G,4,4
20200405,3,3G,2,2G,2,2G,4,4G,2,2G,2,2G,2,2G,4,4
20200406,3,3G,2,2G,2,2G,4,4G,2,2G,2,2G,2,2G,4,4
20200407,3,3G,2,2G,2,2G,4,4G,2,2G,2,2G,2,2G,4,4
20200408,3,3G,2,2G,2,2G,4,4G,2,2G,2,2G,2,2G,4,4
20200409,3,3G,2,2G,2,2G,4,4G,2,2G,2,2G,2,2G,4,4
20200410,3,3G,2,2G,2,2G,4,4G,2,2G,2,2G,2,2G,4,4
20200411,3,3G,2,2G,2,2G,4,4G,2,2G,2,2G,2,2G,4,4
20200412,3,3G,2,2G,2,2G,4,4G,2,2G,2,2G,2,2G,4,4
20200413,3,3G,2,2G,2,2G,4,4G,2,2G,2,2G,2,2G,4,4
20200414,3,3G,2,2G,2,2G,4,4G,2,2G,2,2G,2,2G,4,4
20200415,3,3G,2,2G,2,2G,4,4G,2,2G,2,2G,2,2G,4,4
20200416,3,3G,2.5,3T,2,2G,4,4G,2,2G,2,2G,2,2G,4,4
20200417,3,3G,2.5,3T,2,2G,4,4G,2,2G,2,2G,2,2G,4,4
20200418,3,3G,2.5,3T,2,2G,4,4G,2,2G,2,2G,2,2G,4,4
20200419,3,3G,2.5,3T,2,2G,4,4G,2,2G,2,2G,2,2G,4,4
20200420,3,3G,2.5,3T,2,2G,4,4G,2,2G,2,2G,2,2G,4,4
20200421,3,3G,2.5,3T,2,2G,4,4G,2,2G,2,2G,2,2G,4,4
20200422,3,3G,2.5,3T,2,2G,4,4G,2,2G,2,2G,2,2G,4,4
20200423,3,3G,2.5,3T,2,2G,4,4G,2,2G,2,2G,2,2G,4,4
20200424,3,3G,2.5,3T,2,2G,4,4G,2,2G,2,2G,2,2G,4,4
20200425,3,3G,2.5,3T,2,2G,4,4G,2,2G,2,2G,2,2G,4,4
20200426,3,3G,2.5,3T,2,2G,4,4G,2,2G,2,2G,2,2G,4,4
20200427,3,3G,2.5,3T,2,2G,4,4G,2,2G,2,2G,2,2G,4,4
20200428,3,3G,2.5,3T,2,2G,4,4G,2,2G,2,2G,2,2G,4,4
20200429,3,3G,2.5,3T,2,2G,4,4G,2,2G,2,2G,2,2G,4,4
20200430,3,3G,2.5,3T,2,2G,4,4G,2,2G,2,2G,2,2G,4,4
20200501,3,3G,2.5,3T,2,2G,4,4G,2,2G,2,2G,2,2G,4,4
20200502,3,3G,2.5,3T,2,2G,4,4G,2,2G,2,2G,2,2G,4,4
20200503,3,3G,2.5,3T,2,2G,4,4G,2,2G,2,2G,2,2G,4,4
20200504,3,3G,2,2G,2,2G,4,4G,2,2G,2,2G,2,2G,4,4
20200505,3,3G,2,2G,2,2G,4,4G,2,2G,2,2G,2,2G,4,4
20200506,3,3G,2,2G,2,2G,4,4G,2,2G,2,2G,2,2G,4,4
20200507,3,3G,2,2G,2,2G,4,4G,2,2G,2,2G,2,2G,4,4
20200508,3,3G,2,2G,2,2G,4,4G,2,2G,2,2G,2,2G,4,4
20200509,3,3G,2,2G,2,2G,4,4G,2,2G,2,2G,2,2G,4,4
20200510,3,3G,2,2G,2,2G,4,4G,2,2G,2,2G,2,2G,4,4
20200511,3,3G,2,2G,2,2G,4,4G,2,2G,2,2G,2,2G,4,4
20200512,3,3G,2,2G,2,2G,4,4G,2,2G,2,2G,2,2G,4,4
20200513,3,3G,2,2G,2,2G,4,4G,2,2G,2,2G,2,2G,4,4
20200514,3,3G,2,2G,2,2G,4,4G,2,2G,2,2G,2,2G,4,4
20200515,3,3G,2,2G,2,2G,4,4G,2,2G,2,2G,2,2G,4,4
20200516,3,3G,2,2G,2,2G,4,4G,2,2G,2,2G,2,2G,4,4
20200517,3,3G,2,2G,2,2G,4,4G,2,2G,2,2G,2,2G,4,4
20200518,3,3G,2,2G,2,2G,4,4G,2,2G,2,2G,2,2G,4,4
20200519,3,3G,2,2G,2,2G,4,4G,2,2G,2,2G,2,2G,4,4
20200520,3,3G,2,2G,2,2G,4,4G,2,2G,2,2G,2,2G,4,4
20200521,2,2G,2,2G,2,2G,3,3G,2,2G,1,1G,1,1G,4,4
20200522,2,2G,2,2G,2,2G,3,3G,2,2G,1,1G,1,1G,4,4
20200523,2,2G,2,2G,2,2G,3,3G,2,2G,1,1G,1,1G,4,4
20200524,2,2G,2,2G,2,2G,3,3G,2,2G,1,1G,1,1G,4,4
20200525,2,2G,2,2G,2,2G,3,3G,2,2G,1,1G,1,1G,4,4
20200526,2,2G,2,2G,2,2G,3,3G,2,2G,1,1G,1,1G,4,4
20200527,2,2G,2,2G,2,2G,3,3G,2,2G,1,1G,1,1G,4,4
20200528,2,2G,2,2G,2,2G,3,3G,2,2G,1,1G,1,1G,4,4
20200529,2,2G,2,2G,2,2G,3,3G,2,2G,1,1G,1,1G,4,4
20200530,2,2G,2,2G,2,2G,3,3G,2,2G,1,1G,1,1G,4,4
20200531,2,2G,2,2G,2,2G,3,3G,2,2G,1,1G,1,1G,4,4
20200601,2,2G,2,2G,2,2G,3,3G,2,2G,1,1G,1,1G,4,4
20200602,2,2G,2,2G,2,2G,3,3G,2,2G,1,1G,1,1G,4,4
20200603,2,2G,2,2G,2,2G,3,3G,2,2G,1,1G,1,1G,4,4
20200604,2,2G,2,2G,2,2G,3,3G,2,2G,1,1G,1,1G,4,4
20200605,2,2G,2,2G,2,2G,3,3G,2,2G,1,1G,1,1G,4,4
20200606,2,2G,2,2G,2,2G,3,3G,2,2G,1,1G,1,1G,4,4
20200607,2,2G,2,2G,2,2G,3,3G,2,2G,1,1G,1,1G,4,4
20200608,2,2G,2,2G,2,2G,3,3G,2,2G,1,1G,0,0,4,4
20200609,2,2G,2,2G,2,2G,3,3G,1,1G,1,1G,0,0,3,3
20200610,2,2G,2,2G,2,2G,3,3G,1,1G,1,1G,0,0,3,3
20200611,2,2G,2,2G,2,2G,3,3G,1,1G,1,1G,0,0,3,3
20200612,2,2G,2,2G,2,2G,3,3G,1,1G,1,1G,0,0,3,3
20200613,2,2G,2,2G,2,2G,3,3G,1,1G,1,1G,0,0,3,3
20200614,2,2G,2,2G,2,2G,3,3G,1,1G,1,1G,0,0,3,3
20200615,2,2G,2,2G,2,2G,3,3G,1,1G,1,1G,0,0,3,3
20200616,2,2G,2,2G,2,2G,3,3G,1,1G,1,1G,0,0,3,3
20200617,2,2G,2,2G,2,2G,3,3G,1,1G,1,1G,0,0,3,3
20200618,2,2G,2,2G,2,2G,3,3G,1,1G,1,1G,0,0,3,3
20200619,2,2G,2,2G,2,2G,3,3G,1,1G,1,1G,0,0,3,3
20200620,2,2G,2,2G,2,2G,3,3G,1,1G,1,1G,0,0,3,3
20200621,2,2G,2,2G,2,2G,3,3G,1,1G,1,1G,0,0,3,3
20200622,2,2G,2,2G,2,2G,3,3G,1,1G,1,1G,0,0,3,3
20200623,2,2G,2,2G,2,2G,3,3G,1,1G,1,1G,0,0,3,3
20200624,2,2G,1,1G,1,1G,3,3G,1,1G,1,1G,0,0,3,3
20200625,2,2G,1,1G,1,1G,3,3G,1,1G,1,1G,0,0,3,3
20200626,2,2G,1,1G,1,1G,3,3G,1,1G,1,1G,0,0,3,3
20200627,2,2G,1,1G,1,1G,3,3G,1,1G,1,1G,0,0,3,3
20200628,2,2G,1,1G,1,1G,3,3G,1,1G,1,1G,0,0,3,3
20200629,2,2G,1,1G,1,1G,3,3G,1,1G,1,1G,0,0,3,3
20200630,2,2G,1,1G,1,1G,3,3G,1,1G,1,1G,0,0,3,3
20200701,2,2G,0,0,1,1G,3,3G,1,1G,1,1G,0,0,3,3
20200702,2,2G,0,0,1,1G,3,3G,1,1G,1,1G,0,0,3,3
20200703,2,2G,0,0,1,1G,3,3G,1,1G,1,1G,0,0,3,3
20200704,2,2G,0,0,1,1G,3,3G,1,1G,1,1G,0,0,3,3
20200705,2,2G,0,0,1,1G,3,3G,1,1G,1,1G,0,0,3,3
20200706,2,2G,0,0,1,1G,3,3G,1,1G,1,1G,0,0,3,3
20200707,2,2G,0,0,1,1G,3,3G,1,1G,1,1G,0,0,3,3
20200708,2,2G,0,0,1,1G,3,3G,1,1G,1,1G,0,0,3,3
20200709,2,2G,0,0,1,1G,3,3G,1,1G,1,1G,0,0,3,3
20200710,2,2G,0,0,1,1G,3,3G,1,1G,1,1G,0,0,3,3
20200711,2,2G,0,0,1,1G,3,3G,1,1G,1,1G,0,0,3,3
20200712,2,2G,0,0,1,1G,2,2G,1,1G,1,1G,0,0,3,3
20200713,2,2G,0,0,1,1G,2,2G,1,1G,1,1G,0,0,3,3
20200714,2,2G,0,0,1,1G,2,2G,1,1G,1,1G,0,0,3,3
20200715,2,2G,0,0,1,1G,2,2G,1,1G,1,1G,0,0,3,3
20200716,2,2G,0,0,1,1G,2,2G,1,1G,1,1G,0,0,3,3
20200717,2,2G,0,0,1,1G,2,2G,1,1G,1,1G,0,0,3,3
20200718,2,2G,0,0,1,1G,2,2G,1,1G,1,1G,0,0,3,3
20200719,2,2G,0,0,1,1G,2,2G,1,1G,1,1G,0,0,3,3
20200720,2,2G,0,0,1,1G,2,2G,1,1G,1,1G,0,0,3,3
20200721,2,2G,0,0,1,1G,2,2G,1,1G,1,1G,0,0,3,3
20200722,2,2G,0,0,1,1G,2,2G,1,1G,1,1G,0,0,3,3
20200723,2,2G,0,0,1,1G,2,2G,1,1G,1,1G,0,0,3,3
20200724,2,2G,0,0,1,1G,2,2G,1,1G,1,1G,0,0,3,3
20200725,2,2G,0,0,1,1G,2,2G,1,1G,1,1G,0,0,3,3
20200726,2,2G,0,0,1,1G,2,2G,1,1G,1,1G,0,0,3,3
20200727,2,2G,0,0,1,1G,2,2G,1,1G,1,1G,0,0,3,3
20200728,2,2G,0,0,1,1G,2,2G,1,1G,1,1G,0,0,3,3
20200729,2,2G,0,0,1,1G,2,2G,1,1G,1,1G,0,0,3,3
20200730,2,2G,0,0,1,1G,2,2G,1,1G,1,1G,0,0,3,3
20200731,2,2G,0,0,1,1G,2,2G,1,1G,1,1G,0,0,3,3
20200801,2,2G,0,0,1,1G,2,2G,1,1G,1,1G,0,0,3,3
20200802,2,2G,0,0,1,1G,2,2G,1,1G,1,1G,0,0,3,3
20200803,2,2G,0,0,1,1G,2,2G,1,1G,1,1G,0,0,3,3
20200804,2,2G,0,0,1,1G,2,2G,1,1G,1,1G,0,0,3,3
20200805,2,2G,0,0,1,1G,2,2G,1,1G,1,1G,0,0,3,3
20200806,2,2G,0,0,1,1G,2,2G,1,1G,1,1G,0,0,3,3
20200807,2,2G,0,0,1,1G,2,2G,1,1G,1,1G,0,0,3,3
20200808,2,2G,0,0,1,1G,2,2G,1,1G,1,1G,0,0,3,3
20200809,2,2G,0,0,1,1G,2,2G,1,1G,1,1G,0,0,3,3
20200810,2,2G,0,0,1,1G,2,2G,1,1G,1,1G,0,0,3,3
20200811,2,2G,0,0,1,1G,2,2G,1,1G,1,1G,0,0,3,3
20200812,2,2G,0,0,1,1G,2,2G,1,1G,1,1G,0,0,3,3
20200813,2,2G,0,0,1,1G,2,2G,1,1G,1,1G,0,0,3,3
20200814,2,2G,0,0,1,1G,2,2G,1,1G,1,1G,0,0,3,3
20200815,2,2G,0,0,1,1G,2,2G,1,1G,1,1G,0,0,3,3
20200816,2,2G,0,0,1,1G,2,2G,1,1G,1,1G,0,0,3,3
20200817,2,2G,0,0,1,1G,2,2G,1,1G,1,1G,0,0,3,3
20200818,2,2G,0,0,1,1G,2,2G,1,1G,1,1G,0,0,3,3
20200819,2,2G,0,0,1,1G,2,2G,1,1G,1,1G,0,0,3,3
20200820,2,2G,0,0,1,1G,2,2G,1,1G,1,1G,0,0,3,3
20200821,2,2G,0,0,1,1G,2,2G,1,1G,1,1G,0,0,3,3
20200822,2,2G,0,0,1,1G,3,3G,1,1G,1,1G,0,0,3,3
20200823,2,2G,0,0,1,1G,3,3G,1,1G,1,1G,0,0,3,3
20200824,2,2G,0,0,1,1G,3,3G,1,1G,1,1G,0,0,3,3
20200825,2,2G,0,0,1,1G,3,3G,1,1G,1,1G,0,0,3,3
20200826,2,2G,0,0,1,1G,3,3G,1,1G,1,1G,0,0,3,3
20200827,2,2G,0,0,1,1G,3,3G,1,1G,1,1G,0,0,3,3
20200828,2,2G,0,0,1,1G,3,3G,1,1G,1,1G,0,0,3,3
20200829,2,2G,0,0,1,1G,3,3G,1,1G,1,1G,0,0,3,3
20200830,2,2G,0,0,1,1G,3,3G,1,1G,1,1G,0,0,3,3
20200831,2,2G,0,0,1,1G,3,3G,1,1G,1,1G,0,0,3,3
20200901,2,2G,0,0,1,1G,3,3G,1,1G,1,1G,0,0,3,3
20200902,2,2G,0,0,1,1G,3,3G,1,1G,1,1G,0,0,3,3
20200903,2,2G,0,0,1,1G,3,3G,1,1G,1,1G,0,0,3,3
20200904,2,2G,0,0,1,1G,3,3G,1,1G,1,1G,0,0,3,3
20200905,2,2G,0,0,1,1G,3,3G,1,1G,1,1G,0,0,3,3
20200906,2,2G,0,0,1,1G,3,3G,1,1G,1,1G,0,0,3,3
20200907,2,2G,0,0,1,1G,3,3G,1,1G,1,1G,0,0,3,3
20200908,2,2G,1.5,2T,1,1G,3,3G,1,1G,1,1G,0,0,3,3
20200909,2,2G,1.5,2T,1,1G,3,3G,1,1G,1,1G,0,0,3,3
20200910,2,2G,1.5,2T,1,1G,3,3G,1,1G,1,1G,0,0,3,3
20200911,2,2G,1.5,2T,1,1G,3,3G,1,1G,1,1G,0,0,3,3
20200912,2,2G,1.5,2T,1,1G,3,3G,1,1G,1,1G,0,0,3,3
20200913,2,2G,1.5,2T,1,1G,3,3G,1,1G,1,1G,0,0,3,3
20200914,1.5,2T,1.5,2T,1,1G,3,3G,1,1G,1,1G,0,0,3,3
20200915,1.5,2T,1.5,2T,1,1G,3,3G,1,1G,1,1G,0,0,3,3
20200916,1.5,2T,1.5,2T,1,1G,3,3G,1,1G,1,1G,0,0,3,3
20200917,1.5,2T,1.5,2T,1,1G,3,3G,1,1G,1,1G,0,0,3,3
20200918,1.5,2T,1.5,2T,1,1G,3,3G,1,1G,1,1G,0,0,3,3
20200919,1.5,2T,1.5,2T,1,1G,3,3G,1,1G,1,1G,0,0,3,3
20200920,1.5,2T,1.5,2T,1,1G,3,3G,1,1G,1,1G,0,0,3,3
20200921,1.5,2T,1.5,2T,1,1G,3,3G,1,1G,1,1G,0,0,3,3
20200922,1.5,2T,1.5,2T,1,1G,3,3G,1,1G,1,1G,0,0,3,3
20200923,1.5,2T,1.5,2T,1,1G,3,3G,1,1G,1,1G,0,0,3,3
20200924,1.5,2T,1.5,2T,1,1G,3,3G,1,1G,1,1G,0,0,3,3
20200925,1.5,2T,1.5,2T,1,1G,3,3G,1,1G,1,1G,0,0,3,3
20200926,1.5,2T,1.5,2T,1,1G,3,3G,1,1G,1,1G,0,0,3,3
20200927,1.5,2T,1.5,2T,1,1G,3,3G,1,1G,1,1G,0,0,3,3
20200928,1.5,2T,1.5,2T,1,1G,3,3G,1,1G,1,1G,0,0,3,3
20200929,1.5,2T,1.5,2T,1,1G,3,3G,1,1G,1,1G,0,0,3,3
20200930,1.5,2T,1.5,2T,1,1G,3,3G,1,1G,1,1G,0,0,3,3
20201001,1.5,2T,1.5,2T,1,1G,3,3G,1,1G,1,1G,0,0,3,3
20201002,1.5,2T,1.5,2T,1,1G,3,3G,1,1G,1,1G,0,0,3,3
20201003,1.5,2T,1.5,2T,1,1G,3,3G,1,1G,1,1G,0,0,3,3
20201004,1.5,2T,1.5,2T,1,1G,3,3G,1,1G,1,1G,0,0,3,3
20201005,1.5,2T,1.5,2T,1,1G,3,3G,1,1G,1,1G,0,0,3,3
20201006,1.5,2T,1.5,2T,1,1G,3,3G,1,1G,1,1G,0,0,3,3
20201007,1.5,2T,1.5,2T,1,1G,3,3G,1,1G,1,1G,0,0,3,3
20201008,1.5,2T,1.5,2T,1,1G,3,3G,1,1G,1,1G,0,0,3,3
20201009,0.5,1T,1.5,2T,1,1G,3,3G,1,1G,1,1G,0,0,3,3
20201010,0.5,1T,1.5,2T,1,1G,3,3G,1,1G,1,1G,0,0,3,3
20201011,0.5,1T,1.5,2T,1,1G,3,3G,1,1G,1,1G,0,0,3,3
20201012,0.5,1T,1.5,2T,1,1G,3,3G,1,1G,1,1G,0,0,3,3
20201013,0.5,1T,1.5,2T,1,1G,3,3G,1,1G,1,1G,0,0,3,3
20201014,0.5,1T,1.5,2T,1,1G,3,3G,1,1G,1,1G,0,0,3,3
20201015,0.5,1T,1.5,2T,1,1G,3,3G,1,1G,1,1G,0,0,3,3
20201016,0.5,1T,1.5,2T,1,1G,3,3G,1,1G,1,1G,0,0,3,3
20201017,0.5,1T,1.5,2T,1,1G,3,3G,1,1G,1,1G,0,0,3,3
20201018,0.5,1T,0.5,1T,1,1G,3,3G,1,1G,1,1G,0,0,3,3
20201019,0.5,1T,0.5,1T,1,1G,3,3G,1,1G,1,1G,0,0,3,3
20201020,1,1G,1.5,2T,1,1G,3,3G,1,1G,1,1G,0,0,3,3
20201021,1,1G,1.5,2T,1,1G,3,3G,1,1G,1,1G,0,0,3,3
20201022,1,1G,1.5,2T,1,1G,3,3G,1,1G,1,1G,0,0,3,3
20201023,1,1G,2,2G,2,2G,4,4G,1,1G,1.5,2T,0,0,3,3
20201024,1,1G,2,2G,2,2G,4,4G,1,1G,1.5,2T,0,0,3,3
20201025,1,1G,2,2G,2,2G,4,4G,1,1G,1.5,2T,0,0,3,3
20201026,1,1G,2,2G,2,2G,4,4G,1,1G,1.5,2T,0,0,3,3
20201027,1,1G,2,2G,2,2G,4,4G,1,1G,1.5,2T,0,0,3,3
20201028,1,1G,2,2G,2,2G,4,4G,1,1G,1.5,2T,0,0,3,3
20201029,1,1G,2,2G,2,2G,4,4G,1,1G,1.5,2T,0,0,3,3
20201030,1,1G,2,2G,2,2G,4,4G,1,1G,1.5,2T,0,0,3,3
20201031,1,1G,2,2G,2,2G,4,4G,1,1G,1.5,2T,0,0,3,3
20201101,1,1G,2,2G,2,2G,4,4G,1,1G,1.5,2T,0,0,3,3
20201102,1,1G,2,2G,2,2G,4,4G,1,1G,1.5,2T,0,0,3,3
20201103,1,1G,2,2G,1.5,2T,4,4G,1,1G,1.5,2T,1.5,2T,3,3
20201104,1,1G,2,2G,1.5,2T,4,4G,1,1G,1.5,2T,1.5,2T,3,3
20201105,1,1G,2,2G,1.5,2T,4,4G,1,1G,1.5,2T,1.5,2T,3,3
20201106,1,1G,2,2G,1.5,2T,4,4G,1,1G,1.5,2T,1.5,2T,3,3
20201107,1,1G,2,2G,1.5,2T,4,4G,1,1G,1.5,2T,1.5,2T,3,3
20201108,1,1G,2,2G,1.5,2T,4,4G,1,1G,1.5,2T,1.5,2T,3,3
20201109,1,1G,2,2G,1.5,2T,4,4G,1,1G,1.5,2T,1.5,2T,3,3
20201110,1,1G,2,2G,1.5,2T,4,4G,1,1G,1.5,2T,1.5,2T,3,3
20201111,1,1G,2,2G,1.5,2T,4,4G,1,1G,1.5,2T,1.5,2T,3,3
20201112,1,1G,2,2G,2,2G,4,4G,1,1G,1.5,2T,1.5,2T,3,3
20201113,1,1G,2,2G,2,2G,4,4G,1,1G,1.5,2T,1.5,2T,3,3
20201114,1,1G,2,2G,2,2G,4,4G,1,1G,1.5,2T,1.5,2T,3,3
20201115,1,1G,2,2G,2,2G,4,4G,1,1G,1.5,2T,1.5,2T,3,3
20201116,1,1G,2,2G,2,2G,4,4G,1,1G,1.5,2T,1.5,2T,3,3
20201117,1,1G,2,2G,2,2G,4,4G,1,1G,1.5,2T,1.5,2T,3,3
20201118,1,1G,2,2G,2,2G,4,4G,1,1G,1.5,2T,1.5,2T,3,3
20201119,1,1G,2,2G,2,2G,4,4G,1,1G,1.5,2T,1.5,2T,3,3
20201120,1,1G,2,2G,2,2G,4,4G,1,1G,1.5,2T,1.5,2T,3,3
20201121,1,1G,2,2G,2,2G,4,4G,1,1G,1.5,2T,1.5,2T,3,3
20201122,1,1G,2,2G,2,2G,4,4G,1,1G,1.5,2T,1.5,2T,3,3
20201123,1,1G,2,2G,2,2G,4,4G,1,1G,1.5,2T,1.5,2T,3,3
20201124,1,1G,2,2G,2,2G,4,4G,1,1G,1.5,2T,1.5,2T,3,3
20201125,1,1G,2,2G,2,2G,4,4G,1,1G,1.5,2T,1.5,2T,3,3
20201126,1,1G,2,2G,2,2G,4,4G,1,1G,1.5,2T,1.5,2T,3,3
20201127,1,1G,2,2G,2,2G,4,4G,1,1G,1.5,2T,1.5,2T,3,3
20201128,1,1G,2,2G,2,2G,4,4G,1,1G,1.5,2T,1.5,2T,3,3
20201129,1,1G,2,2G,2,2G,4,4G,1,1G,1.5,2T,1.5,2T,3,3
20201130,1,1G,2,2G,2,2G,4,4G,1,1G,2,2G,0,0,3,3
20201201,1,1G,2,2G,2,2G,4,4G,1,1G,2,2G,0,0,3,3
20201202,1,1G,2,2G,2,2G,4,4G,1,1G,2,2G,0,0,3,3
20201203,2,2G,2,2G,2,2G,4,4G,1,1G,2,2G,0,0,3,3
20201204,2,2G,2,2G,2,2G,4,4G,1,1G,2,2G,0,0,3,3
20201205,2,2G,2,2G,2,2G,4,4G,1,1G,2,2G,0,0,3,3
20201206,2,2G,2,2G,2,2G,4,4G,1,1G,2,2G,0,0,3,3
20201207,2,2G,2,2G,2,2G,4,4G,1,1G,2,2G,0,0,3,3
20201208,2,2G,2,2G,2,2G,4,4G,1,1G,2,2G,0,0,3,3
20201209,2,2G,2,2G,2,2G,4,4G,1,1G,2,2G,0,0,3,3
20201210,2,2G,2,2G,2,2G,4,4G,1,1G,2,2G,0,0,3,3
20201211,2,2G,2,2G,2,2G,4,4G,1,1G,2,2G,0,0,3,3
20201212,2,2G,2,2G,2,2G,4,4G,1,1G,2,2G,0,0,3,3
20201213,2,2G,2,2G,2,2G,4,4G,1,1G,2,2G,0,0,3,3
20201214,2,2G,2,2G,2,2G,4,4G,1,1G,2,2G,0,0,3,3
20201215,2,2G,2,2G,2,2G,4,4G,1,1G,2,2G,0,0,3,3
20201216,2,2G,2,2G,2,2G,4,4G,1,1G,2,2G,0,0,3,3
20201217,2,2G,2,2G,2,2G,4,4G,1,1G,2,2G,0,0,3,3
20201218,2,2G,2,2G,2,2G,4,4G,1,1G,2,2G,0,0,3,3
20201219,2,2G,2,2G,2,2G,4,4G,1,1G,2,2G,0,0,3,3
20201220,2,2G,2,2G,2,2G,4,4G,1,1G,2,2G,0,0,3,3
20201221,2,2G,2,2G,2,2G,4,4G,1,1G,2,2G,1.5,2T,3,3
20201222,2,2G,2,2G,2,2G,4,4G,1,1G,2,2G,1.5,2T,3,3
20201223,2,2G,2,2G,2,2G,4,4G,1,1G,2,2G,1.5,2T,3,3
20201224,2,2G,2,2G,2,2G,3,3G,1,1G,2,2G,0.5,1T,3,3
20201225,2,2G,2,2G,2,2G,3,3G,1,1G,2,2G,0.5,1T,3,3
20201226,2,2G,2,2G,2,2G,4,4G,1,1G,2,2G,1.5,2T,3,3
20201227,2,2G,2,2G,2,2G,4,4G,1,1G,2,2G,1.5,2T,3,3
20201228,2,2G,2,2G,2,2G,4,4G,1,1G,2,2G,1.5,2T,3,3
20201229,2,2G,2,2G,2,2G,4,4G,1,1G,1,1G,1.5,2T,3,3
20201230,2,2G,2,2G,2,2G,4,4G,1,1G,1,1G,1.5,2T,3,3
20201231,2,2G,2,2G,2,2G,4,4G,1,1G,1,1G,1.5,2T,3,3
20210101,2,2G,2,2G,2,2G,3,3G,1,1G,1,1G,2,2G,3,3
20210102,2,2G,2,2G,2,2G,3,3G,1,1G,1,1G,2,2G,3,3
20210103,2,2G,2,2G,2,2G,4,4G,1,1G,1,1G,1.5,2T,3,3
20210104,2,2G,2,2G,2,2G,4,4G,1,1G,1,1G,1.5,2T,3,3
20210105,2,2G,2,2G,2,2G,4,4G,1,1G,1,1G,1.5,2T,3,3
20210106,2,2G,2,2G,2,2G,4,4G,1,1G,1,1G,1.5,2T,3,3
20210107,2,2G,2,2G,2,2G,4,4G,1,1G,1,1G,1.5,2T,3,3
20210108,2,2G,2,2G,2,2G,4,4G,1,1G,1,1G,1.5,2T,3,3
20210109,2,2G,2,2G,2,2G,4,4G,1,1G,1,1G,1.5,2T,3,3
20210110,2,2G,3,3G,2,2G,4,4G,1,1G,2,2G,2,2G,3,3
20210111,2,2G,3,3G,2,2G,4,4G,1,1G,2,2G,2,2G,3,3
20210112,2,2G,3,3G,2,2G,4,4G,1,1G,2,2G,2,2G,3,3
20210113,2,2G,3,3G,2,2G,4,4G,1,1G,2,2G,2,2G,3,3
20210114,2,2G,3,3G,2,2G,4,4G,1,1G,2,2G,2,2G,3,3
20210115,2,2G,3,3G,2,2G,4,4G,1,1G,2,2G,2,2G,3,3
20210116,2,2G,3,3G,2,2G,4,4G,1,1G,2,2G,2,2G,3,3
20210117,2,2G,3,3G,2,2G,4,4G,1,1G,2,2G,2,2G,3,3
20210118,2,2G,3,3G,2,2G,4,4G,1,1G,2,2G,2,2G,3,3
20210119,2,2G,3,3G,2,2G,4,4G,1,1G,2,2G,2,2G,3,3
20210120,2,2G,3,3G,2,2G,4,4G,1,1G,2,2G,2,2G,3,3
20210121,2,2G,3,3G,2,2G,4,4G,1,1G,2,2G,2,2G,3,3
20210122,2,2G,3,3G,2,2G,4,4G,1,1G,2,2G,2,2G,3,3
20210123,2,2G,3,3G,2,2G,4,4G,1,1G,2,2G,2,2G,3,3
20210124,2,2G,3,3G,2,2G,4,4G,1,1G,2,2G,2,2G,3,3
20210125,2,2G,3,3G,2,2G,4,4G,1,1G,2,2G,2,2G,3,3
20210126,2,2G,3,3G,2,2G,4,4G,1,1G,2,2G,2,2G,3,3
20210127,2,2G,3,3G,2,2G,4,4G,1,1G,2,2G,2,2G,3,3
20210128,2,2G,3,3G,2,2G,4,4G,1,1G,2,2G,2,2G,3,3
20210129,2,2G,3,3G,2,2G,4,4G,1,1G,2,2G,2,2G,3,3
20210130,2,2G,3,3G,2,2G,4,4G,1,1G,2,2G,2,2G,3,3
20210131,2,2G,3,3G,2,2G,4,4G,1,1G,2,2G,2,2G,3,3
20210201,2,2G,2,2G,2,2G,4,4G,1,1G,2,2G,2,2G,3,3
20210202,2,2G,2,2G,2,2G,4,4G,1,1G,2,2G,2,2G,3,3
20210203,2,2G,2,2G,2,2G,4,4G,1,1G,2,2G,2,2G,3,3
20210204,2,2G,2,2G,2,2G,4,4G,1,1G,2,2G,2,2G,3,3
20210205,2,2G,2,2G,2,2G,4,4G,1,1G,2,2G,2,2G,3,3
20210206,2,2G,2,2G,2,2G,4,4G,1,1G,2,2G,2,2G,3,3
20210207,2,2G,2,2G,2,2G,4,4G,1,1G,2,2G,2,2G,3,3
20210208,2,2G,2,2G,2,2G,4,4G,1,1G,2,2G,2,2G,3,3
20210209,2,2G,2,2G,2,2G,4,4G,1,1G,2,2G,2,2G,3,3
20210210,2,2G,2,2G,2,2G,4,4G,1,1G,2,2G,2,2G,3,3
20210211,2,2G,2,2G,2,2G,4,4G,1,1G,2,2G,2,2G,3,3
20210212,2,2G,2,2G,2,2G,4,4G,1,1G,2,2G,2,2G,3,3
20210213,2,2G,2,2G,2,2G,4,4G,1,1G,2,2G,2,2G,3,3
20210214,2,2G,2,2G,2,2G,4,4G,1,1G,2,2G,2,2G,3,3
20210215,2,2G,2,2G,2,2G,4,4G,1,1G,2,2G,2,2G,3,3
20210216,2,2G,2,2G,2,2G,4,4G,1,1G,2,2G,2,2G,3,3
20210217,2,2G,2,2G,2,2G,4,4G,1,1G,2,2G,2,2G,3,3
20210218,2,2G,2,2G,2,2G,4,4G,1,1G,2,2G,2,2G,3,3
20210219,2,2G,2,2G,2,2G,4,4G,1,1G,2,2G,2,2G,3,3
20210220,2,2G,2,2G,2,2G,4,4G,1,1G,2,2G,2,2G,3,3
20210221,2,2G,2,2G,2,2G,4,4G,1,1G,2,2G,2,2G,3,3
20210222,2,2G,2,2G,2,2G,4,4G,1,1G,2,2G,2,2G,3,3
20210223,2,2G,2,2G,2,2G,4,4G,1,1G,2,2G,2,2G,3,3
20210224,2,2G,2,2G,2,2G,4,4G,1,1G,2,2G,2,2G,3,3
20210225,2,2G,2,2G,2,2G,4,4G,1,1G,2,2G,2,2G,3,3
20210226,2,2G,2,2G,2,2G,4,4G,1,1G,2,2G,2,2G,3,3
20210227,2,2G,2,2G,2,2G,4,4G,1,1G,2,2G,2,2G,3,3
20210228,2,2G,2,2G,2,2G,4,4G,1,1G,2,2G,2,2G,3,3
20210301,2,2G,2,2G,2,2G,4,4G,1,1G,2,2G,1,1G,3,3
20210302,2,2G,2,2G,2,2G,4,4G,1,1G,2,2G,1,1G,3,3
20210303,2,2G,2,2G,2,2G,4,4G,1,1G,2,2G,1,1G,3,3
20210304,2,2G,2,2G,2,2G,4,4G,1,1G,2,2G,1,1G,3,3
20210305,2,2G,2,2G,2,2G,4,4G,1,1G,2,2G,1,1G,3,3
20210306,2,2G,2,2G,2,2G,4,4G,1,1G,2,2G,1,1G,3,3
20210307,2,2G,2,2G,2,2G,4,4G,1,1G,2,2G,1,1G,3,3
20210308,2,2G,2,2G,2,2G,4,4G,1,1G,2,2G,1,1G,3,3
20210309,2,2G,2,2G,2,2G,4,4G,1,1G,2,2G,1,1G,3,3
20210310,2,2G,2,2G,2,2G,4,4G,1,1G,2,2G,1,1G,3,3
20210311,2,2G,2,2G,2,2G,4,4G,1,1G,2,2G,1,1G,3,3
20210312,2,2G,2,2G,2,2G,4,4G,1,1G,2,2G,1,1G,3,3
20210313,2,2G,2,2G,2,2G,4,4G,1,1G,2,2G,1,1G,3,3
20210314,2,2G,2,2G,2,2G,4,4G,1,1G,2,2G,1,1G,3,3
20210315,2,2G,2,2G,2,2G,4,4G,1,1G,2,2G,1,1G,3,3
20210316,2.5,3T,2,2G,1,1G,4,4G,1,1G,2,2G,1,1G,3,3
20210317,2.5,3T,2,2G,1,1G,4,4G,1,1G,2,2G,1,1G,3,3
20210318,2.5,3T,2,2G,1,1G,4,4G,1,1G,2,2G,1,1G,3,3
20210319,2.5,3T,2,2G,1,1G,4,4G,1,1G,2,2G,1,1G,3,3
20210320,2.5,3T,2,2G,1,1G,4,4G,1,1G,2,2G,1,1G,3,3
20210321,2.5,3T,2,2G,1,1G,4,4G,1,1G,2,2G,1,1G,3,3
20210322,2.5,3T,2,2G,1,1G,4,4G,1,1G,2,2G,1,1G,3,3
20210323,2.5,3T,2,2G,1,1G,4,4G,1,1G,2,2G,1,1G,3,3
20210324,2.5,3T,2,2G,1,1G,4,4G,1,1G,2,2G,1,1G,3,3
20210325,2.5,3T,2,2G,1,1G,4,4G,1,1G,2,2G,1,1G,3,3
20210326,2.5,3T,2,2G,1,1G,4,4G,1,1G,2,2G,1,1G,3,3
20210327,2.5,3T,2,2G,1,1G,4,4G,1,1G,2,2G,1,1G,3,3
20210328,2.5,3T,2,2G,1,1G,4,4G,1,1G,2,2G,1,1G,3,3
20210329,2.5,3T,2,2G,1,1G,4,4G,1,1G,2,2G,1,1G,3,3
20210330,2.5,3T,2,2G,1,1G,4,4G,1,1G,2,2G,1,1G,3,3
20210331,2.5,3T,2,2G,1,1G,4,4G,1,1G,2,2G,1,1G,3,3
20210401,2.5,3T,2,2G,1,1G,4,4G,1,1G,2,2G,0,0,3,3
20210402,2,2G,2,2G,1,1G,4,4G,1,1G,2,2G,0,0,3,3
20210403,2,2G,2,2G,1,1G,4,4G,1,1G,2,2G,0,0,3,3
20210404,2,2G,2,2G,1,1G,4,4G,1,1G,2,2G,0,0,3,3
20210405,2,2G,2,2G,1,1G,4,4G,1,1G,2,2G,0,0,3,3
20210406,2,2G,2,2G,1,1G,4,4G,1,1G,2,2G,0,0,3,3
20210407,2,2G,2,2G,1,1G,4,4G,1,1G,2,2G,0,0,3,3
20210408,2,2G,2,2G,1,1G,4,4G,1,1G,2,2G,0,0,3,3
20210409,2,2G,2,2G,1,1G,4,4G,1,1G,2,2G,0,0,3,3
20210410,2,2G,2,2G,1,1G,4,4G,1,1G,2,2G,0,0,3,3
20210411,2,2G,2,2G,1,1G,4,4G,1,1G,2,2G,0,0,3,3
20210412,2,2G,2,2G,1,1G,4,4G,1,1G,2,2G,0,0,3,3
20210413,2,2G,2,2G,1,1G,4,4G,1,1G,2,2G,0,0,3,3
20210414,2,2G,2,2G,1,1G,4,4G,1,1G,2,2G,0,0,3,3
20210415,2,2G,2,2G,1,1G,4,4G,1,1G,2,2G,0,0,3,3
20210416,2,2G,2,2G,1,1G,4,4G,1,1G,2,2G,0,0,3,3
20210417,2,2G,2,2G,1,1G,4,4G,1,1G,2,2G,0,0,3,3
20210418,2,2G,2,2G,1,1G,4,4G,1,1G,2,2G,0,0,3,3
20210419,2,2G,2,2G,1,1G,4,4G,1,1G,2,2G,0,0,3,3
20210420,2,2G,2,2G,1,1G,4,4G,1,1G,2,2G,0,0,3,3
20210421,2,2G,2,2G,1,1G,4,4G,1,1G,2,2G,0,0,3,3
20210422,2,2G,2,2G,1,1G,4,4G,1,1G,2,2G,0,0,3,3
20210423,2,2G,2,2G,1,1G,4,4G,1,1G,2,2G,0,0,3,3
20210424,2,2G,2,2G,1,1G,4,4G,1,1G,2,2G,0,0,3,3
20210425,2,2G,2,2G,1,1G,4,4G,1,1G,2,2G,0,0,3,3
20210426,2,2G,2,2G,2,2G,4,4G,1,1G,2,2G,0,0,3,3
20210427,2,2G,2,2G,2,2G,4,4G,1,1G,2,2G,0,0,3,3
20210428,2,2G,2,2G,2,2G,4,4G,1,1G,2,2G,0,0,3,3
20210429,2,2G,2,2G,2,2G,4,4G,1,1G,2,2G,0,0,3,3
20210430,2,2G,2,2G,2,2G,4,4G,1,1G,2,2G,0,0,3,3
20210501,2,2G,2,2G,2,2G,4,4G,1,1G,2,2G,0,0,3,3
20210502,2,2G,2,2G,2,2G,4,4G,1,1G,2,2G,0,0,3,3
20210503,2,2G,2,2G,2,2G,4,4G,1,1G,2,2G,0,0,3,3
20210504,2,2G,2,2G,2,2G,4,4G,1,1G,2,2G,0,0,3,3
20210505,2,2G,2,2G,2,2G,4,4G,1,1G,2,2G,0,0,3,3
20210506,2,2G,2,2G,2,2G,4,4G,1,1G,2,2G,0,0,3,3
20210507,2,2G,2,2G,2,2G,4,4G,1,1G,2,2G,0,0,3,3
20210508,2,2G,2,2G,2,2G,4,4G,1,1G,2,2G,0,0,3,3
20210509,2,2G,2,2G,2,2G,4,4G,1,1G,2,2G,0,0,3,3
20210510,1,1G,3,3G,2,2G,4,4G,1,1G,2,2G,0,0,2,2
20210511,1,1G,3,3G,2,2G,4,4G,1,1G,2,2G,0,0,2,2
20210512,1,1G,3,3G,2,2G,4,4G,1,1G,2,2G,0,0,2,2
20210513,1,1G,3,3G,2,2G,4,4G,1,1G,2,2G,0,0,2,2
20210514,1,1G,3,3G,2,2G,4,4G,1,1G,2,2G,0,0,2,2
20210515,1,1G,3,3G,2,2G,4,4G,1,1G,2,2G,0,0,2,2
20210516,1,1G,3,3G,2,2G,4,4G,1,1G,2,2G,0,0,2,2
20210517,1,1G,3,3G,2,2G,4,4G,1,1G,2,2G,0,0,2,2
20210518,1,1G,3,3G,2,2G,4,4G,1,1G,2,2G,0,0,2,2
20210519,1,1G,3,3G,2,2G,4,4G,1,1G,2,2G,0,0,2,2
20210520,1,1G,3,3G,2,2G,4,4G,1,1G,2,2G,0,0,2,2
20210521,1,1G,3,3G,2,2G,4,4G,1,1G,2,2G,0,0,2,2
20210522,1,1G,3,3G,2,2G,4,4G,1,1G,2,2G,0,0,2,2
20210523,1,1G,3,3G,2,2G,4,4G,1,1G,2,2G,0,0,2,2
20210524,1,1G,3,3G,2,2G,4,4G,1,1G,2,2G,0,0,2,2
20210525,1,1G,3,3G,2,2G,3,3G,1,1G,2,2G,0,0,2,2
20210526,1,1G,3,3G,2,2G,3,3G,1,1G,2,2G,0,0,2,2
20210527,1,1G,3,3G,2,2G,3,3G,1,1G,2,2G,0,0,2,2
20210528,1,1G,3,3G,2,2G,3,3G,1,1G,2,2G,0,0,2,2
20210529,1,1G,3,3G,2,2G,3,3G,1,1G,2,2G,0,0,2,2
20210530,1,1G,3,3G,2,2G,3,3G,1,1G,2,2G,0,0,2,2
20210531,1,1G,3,3G,2,2G,3,3G,1,1G,2,2G,0,0,2,2
20210601,1,1G,3,3G,2,2G,3,3G,1,1G,2,2G,0,0,2,2
20210602,1,1G,3,3G,2,2G,3,3G,1,1G,2,2G,0,0,2,2
20210603,1,1G,3,3G,2,2G,3,3G,1,1G,2,2G,0,0,2,2
20210604,1,1G,3,3G,2,2G,3,3G,1,1G,2,2G,0,0,2,2
20210605,1,1G,3,3G,2,2G,3,3G,1,1G,2,2G,0,0,2,2
20210606,1,1G,3,3G,2,2G,3,3G,1,1G,2,2G,0,0,2,2
20210607,1,1G,3,3G,2,2G,3,3G,1,1G,2,2G,0,0,2,2
20210608,1,1G,3,3G,2,2G,2,2G,1,1G,1.5,2T,0,0,1,1
20210609,1,1G,3,3G,2,2G,2,2G,1,1G,1.5,2T,0,0,1,1
20210610,1,1G,3,3G,2,2G,2,2G,1,1G,1.5,2T,0,0,1,1
20210611,1,1G,3,3G,2,2G,2,2G,1,1G,1.5,2T,0,0,1,1
20210612,1,1G,3,3G,2,2G,2,2G,1,1G,1.5,2T,0,0,1,1
20210613,1,1G,3,3G,2,2G,2,2G,1,1G,1.5,2T,0,0,1,1
20210614,1,1G,3,3G,2,2G,2,2G,1,1G,1.5,2T,0,0,1,1
20210615,1,1G,3,3G,2,2G,2,2G,1,1G,1.5,2T,0,0,1,1
20210616,1,1G,3,3G,2,2G,2,2G,1,1G,1.5,2T,0,0,1,1
20210617,1,1G,3,3G,2,2G,2,2G,1,1G,1.5,2T,0,0,1,1
20210618,1,1G,3,3G,2,2G,2,2G,1,1G,1.5,2T,0,0,1,1
20210619,1,1G,3,3G,2,2G,2,2G,1,1G,1.5,2T,0,0,1,1
20210620,1,1G,3,3G,2,2G,2,2G,1,1G,1.5,2T,0,0,1,1
20210621,1,1G,3,3G,2,2G,2,2G,1,1G,1.5,2T,0,0,1,1
20210622,1,1G,3,3G,2,2G,3,3G,0,0,1.5,2T,0,0,1,1
20210623,1,1G,3,3G,2,2G,3,3G,0,0,1.5,2T,0,0,1,1
20210624,1,1G,3,3G,2,2G,3,3G,0,0,1.5,2T,0,0,1,1
20210625,1,1G,3,3G,2,2G,3,3G,0,0,1.5,2T,0,0,1,1
20210626,1,1G,3,3G,2,2G,3,3G,0,0,1.5,2T,0,0,1,1
20210627,1,1G,3,3G,2,2G,3,3G,0,0,1.5,2T,0,0,1,1
20210628,1,1G,3,3G,2,2G,3,3G,0,0,1.5,2T,0,0,1,1
20210629,1,1G,3,3G,2,2G,3,3G,0,0,1.5,2T,0,0,1,1
20210630,1,1G,3,3G,2,2G,3,3G,0,0,1.5,2T,0,0,1,1
20210701,1,1G,3,3G,2,2G,3,3G,0,0,1.5,2T,0,0,1,1
20210702,1,1G,3,3G,2,2G,3,3G,0,0,1.5,2T,0,0,1,1
20210703,1,1G,3,3G,2,2G,3,3G,0,0,1.5,2T,0,0,1,1
20210704,1,1G,3,3G,2,2G,3,3G,0,0,1.5,2T,0,0,1,1
20210705,1,1G,3,3G,2,2G,3,3G,0,0,1.5,2T,0,0,1,1
20210706,1,1G,3,3G,2,2G,3,3G,0,0,1.5,2T,0,0,1,1
20210707,1,1G,3,3G,2,2G,3,3G,0,0,1.5,2T,0,0,1,1
20210708,1,1G,3,3G,2,2G,3,3G,0,0,1.5,2T,0,0,1,1
20210709,1,1G,3,3G,2,2G,3,3G,0,0,1.5,2T,0,0,1,1
20210710,1,1G,3,3G,2,2G,3,3G,0,0,1.5,2T,0,0,1,1
20210711,1,1G,3,3G,2,2G,3,3G,0,0,1.5,2T,0,0,1,1
20210712,1,1G,3,3G,2,2G,3,3G,0,0,1.5,2T,0,0,1,1
20210713,1,1G,3,3G,2,2G,3,3G,0,0,1.5,2T,0,0,1,1
20210714,1,1G,3,3G,2,2G,3,3G,0,0,1.5,2T,0,0,1,1
20210715,1,1G,3,3G,2,2G,3,3G,0,0,1.5,2T,0,0,1,1
20210716,1,1G,3,3G,2,2G,3,3G,0,0,1.5,2T,0,0,1,1
20210717,1,1G,3,3G,2,2G,3,3G,0,0,1.5,2T,0,0,1,1
20210718,1,1G,3,3G,2,2G,3,3G,0,0,1.5,2T,0,0,1,1
20210719,1,1G,3,3G,2,2G,3,3G,0,0,1.5,2T,0,0,1,1
20210720,1,1G,3,3G,2,2G,3,3G,0,0,1.5,2T,0,0,2,2
20210721,1,1G,3,3G,2,2G,3,3G,0,0,1.5,2T,0,0,2,2
20210722,1,1G,3,3G,2,2G,3,3G,0,0,1.5,2T,0,0,2,2
20210723,1,1G,3,3G,2,2G,3,3G,0,0,1.5,2T,0,0,2,2
20210724,1,1G,3,3G,2,2G,3,3G,0,0,1.5,2T,0,0,2,2
20210725,1,1G,3,3G,2,2G,3,3G,0,0,1.5,2T,0,0,2,2
20210726,1,1G,3,3G,2,2G,3,3G,0,0,1.5,2T,0,0,2,2
20210727,1,1G,3,3G,2,2G,3,3G,1,1G,1.5,2T,0,0,2,2
20210728,1,1G,3,3G,2,2G,3,3G,1,1G,1.5,2T,0,0,2,2
20210729,1,1G,3,3G,2,2G,3,3G,1,1G,1.5,2T,0,0,2,2
20210730,1,1G,3,3G,2,2G,3,3G,1,1G,1.5,2T,0,0,2,2
20210731,1,1G,3,3G,2,2G,3,3G,1,1G,1.5,2T,0,0,2,2
20210801,1,1G,3,3G,2,2G,3,3G,1,1G,1.5,2T,0,0,2,2
20210802,1,1G,3,3G,2,2G,3,3G,1,1G,1.5,2T,0,0,2,2
20210803,1,1G,3,3G,2,2G,3,3G,1,1G,1.5,2T,0,0,2,2
20210804,1,1G,3,3G,2,2G,3,3G,1,1G,1.5,2T,0,0,2,2
20210805,1,1G,3,3G,2,2G,3,3G,1,1G,1.5,2T,0,0,2,2
20210806,1,1G,3,3G,2,2G,3,3G,1,1G,1.5,2T,0,0,2,2
20210807,1,1G,3,3G,2,2G,3,3G,1,1G,1.5,2T,0,0,2,2
20210808,1,1G,3,3G,2,2G,3,3G,1,1G,1.5,2T,0,0,2,2
20210809,1,1G,3,3G,2,2G,3,3G,1,1G,1.5,2T,0,0,2,2
20210810,1,1G,3,3G,2,2G,3,3G,1,1G,1.5,2T,0,0,2,2
20210811,1,1G,3,3G,2,2G,3,3G,1,1G,1.5,2T,0,0,2,2
20210812,1,1G,3,3G,2,2G,3,3G,1,1G,1.5,2T,0,0,2,2
20210813,1,1G,3,3G,2,2G,3,3G,1,1G,1.5,2T,0,0,2,2
20210814,1,1G,3,3G,2,2G,3,3G,1,1G,1.5,2T,0,0,2,2
20210815,1,1G,3,3G,2,2G,3,3G,1,1G,1.5,2T,0,0,2,2
20210816,1,1G,3,3G,2,2G,3,3G,1,1G,1.5,2T,0,0,2,2
20210817,1,1G,3,3G,2,2G,3,3G,1,1G,1.5,2T,0,0,2,2
20210818,1,1G,3,3G,2,2G,3,3G,1,1G,1.5,2T,0,0,2,2
20210819,1,1G,3,3G,2,2G,3,3G,1,1G,1.5,2T,0,0,2,2
20210820,1,1G,3,3G,2,2G,3,3G,1,1G,1.5,2T,0,0,2,2
20210821,1,1G,3,3G,2,2G,3,3G,1,1G,1.5,2T,0,0,2,2
20210822,1,1G,3,3G,2,2G,3,3G,1,1G,1.5,2T,0,0,2,2
20210823,1,1G,3,3G,2,2G,3,3G,1,1G,1.5,2T,0,0,2,2
20210824,1,1G,3,3G,2,2G,3,3G,1,1G,1.5,2T,0,0,2,2
20210825,1,1G,3,3G,2,2G,3,3G,1,1G,1.5,2T,0,0,2,2
20210826,1,1G,3,3G,2,2G,3,3G,1,1G,1.5,2T,0,0,2,2
20210827,1,1G,3,3G,2,2G,3,3G,1,1G,1.5,2T,0,0,2,2
20210828,1,1G,3,3G,2,2G,3,3G,1,1G,1.5,2T,0,0,2,2
20210829,1,1G,3,3G,2,2G,3,3G,1,1G,1.5,2T,0,0,2,2
20210830,1,1G,3,3G,2,2G,3,3G,1,1G,1.5,2T,0,0,2,2
20210831,1,1G,3,3G,2,2G,3,3G,1,1G,1.5,2T,0,0,2,2
20210901,1,1G,3,3G,2,2G,3,3G,1,1G,0,0,0,0,2,2
20210902,1,1G,3,3G,2,2G,3,3G,1,1G,0,0,0,0,2,2
20210903,1,1G,3,3G,2,2G,3,3G,1,1G,0,0,0,0,2,2
20210904,1,1G,3,3G,2,2G,3,3G,1,1G,0,0,0,0,2,2
20210905,1,1G,3,3G,2,2G,3,3G,1,1G,0,0,0,0,2,2
20210906,1,1G,3,3G,2,2G,3,3G,1,1G,0,0,0,0,2,2
20210907,1,1G,3,3G,2,2G,3,3G,1,1G,0,0,0,0,2,2
20210908,1,1G,3,3G,2,2G,3,3G,1,1G,0,0,0,0,2,2
20210909,1,1G,3,3G,2,2G,3,3G,1,1G,0,0,0,0,2,2
20210910,1,1G,3,3G,2,2G,3,3G,1,1G,0,0,0,0,2,2
20210911,1,1G,3,3G,2,2G,3,3G,1,1G,0,0,0,0,2,2
20210912,1,1G,3,3G,2,2G,3,3G,1,1G,0,0,0,0,2,2
20210913,1,1G,3,3G,2,2G,3,3G,1,1G,0,0,0,0,2,2
20210914,1,1G,3,3G,2,2G,3,3G,1,1G,0,0,0,0,2,2
20210915,1,1G,3,3G,2,2G,3,3G,1,1G,0,0,0,0,2,2
20210916,1,1G,3,3G,2,2G,3,3G,1,1G,0,0,0,0,2,2
20210917,1,1G,3,3G,2,2G,3,3G,1,1G,0,0,0,0,2,2
20210918,1,1G,3,3G,2,2G,3,3G,1,1G,0,0,0,0,2,2
20210919,1,1G,3,3G,2,2G,3,3G,1,1G,0,0,0,0,2,2
20210920,1,1G,3,3G,2,2G,3,3G,1,1G,0,0,0,0,2,2
20210921,1,1G,3,3G,2,2G,3,3G,1,1G,0,0,0,0,2,2
20210922,1,1G,3,3G,2,2G,3,3G,1,1G,0,0,0,0,2,2
20210923,1,1G,3,3G,2,2G,3,3G,1,1G,0,0,0,0,2,2
20210924,1,1G,3,3G,2,2G,3,3G,1,1G,0,0,0,0,2,2
20210925,1,1G,3,3G,2,2G,3,3G,1,1G,0,0,0,0,2,2
20210926,1,1G,3,3G,2,2G,3,3G,1,1G,0,0,0,0,2,2
20210927,1,1G,3,3G,2,2G,3,3G,1,1G,0,0,0,0,2,2
20210928,1,1G,3,3G,2,2G,3,3G,1,1G,0,0,0,0,2,2
20210929,1,1G,3,3G,2,2G,3,3G,1,1G,0,0,0,0,2,2
20210930,1,1G,3,3G,2,2G,3,3G,1,1G,0,0,0,0,2,2
20211001,1,1G,3,3G,2,2G,3,3G,1,1G,0,0,0,0,2,2
20211002,1,1G,3,3G,2,2G,3,3G,1,1G,0,0,0,0,2,2
20211003,1,1G,3,3G,2,2G,3,3G,1,1G,0,0,0,0,2,2
20211004,1,1G,3,3G,2,2G,3,3G,1,1G,0,0,0,0,2,2
20211005,1,1G,3,3G,2,2G,3,3G,1,1G,0,0,0,0,2,2
20211006,1,1G,3,3G,2,2G,3,3G,1,1G,0,0,0,0,2,2
20211007,1,1G,3,3G,2,2G,3,3G,1,1G,0,0,0,0,2,2
20211008,1,1G,3,3G,2,2G,3,3G,1,1G,0,0,0,0,2,2
20211009,1,1G,3,3G,2,2G,3,3G,1,1G,0,0,0,0,2,2
20211010,1,1G,3,3G,2,2G,3,3G,1,1G,0,0,0,0,2,2
20211011,1,1G,3,3G,2,2G,3,3G,1,1G,0,0,0,0,2,2
20211012,1,1G,3,3G,2,2G,3,3G,1,1G,0,0,0,0,2,2
20211013,1,1G,3,3G,2,2G,3,3G,1,1G,0,0,0,0,2,2
20211014,1,1G,3,3G,2,2G,3,3G,1,1G,0,0,0,0,2,2
20211015,1,1G,3,3G,2,2G,3,3G,1,1G,0,0,0,0,2,2
20211016,1,1G,3,3G,2,2G,3,3G,1,1G,0,0,0,0,2,2
20211017,1,1G,3,3G,2,2G,3,3G,1,1G,0,0,0,0,2,2
20211018,1,1G,3,3G,2,2G,3,3G,1,1G,0,0,0,0,2,2
20211019,1,1G,3,3G,2,2G,3,3G,1,1G,0,0,0,0,2,2
20211020,1,1G,3,3G,2,2G,3,3G,1,1G,0,0,0,0,2,2
20211021,1,1G,3,3G,2,2G,3,3G,1,1G,0,0,0,0,2,2
20211022,1,1G,3,3G,2,2G,3,3G,1,1G,0,0,0,0,2,2
20211023,1,1G,3,3G,2,2G,3,3G,1,1G,0,0,0,0,2,2
20211024,1,1G,3,3G,2,2G,3,3G,1,1G,0,0,0,0,2,2
20211025,1,1G,3,3G,2,2G,3,3G,1,1G,0,0,0,0,2,2
20211026,1,1G,3,3G,2,2G,3,3G,1,1G,0,0,0,0,2,2
20211027,1,1G,3,3G,2,2G,3,3G,1,1G,0,0,0,0,2,2
20211028,1,1G,3,3G,2,2G,3,3G,1,1G,0,0,0,0,2,2
20211029,1,1G,3,3G,2,2G,3,3G,1,1G,0,0,0,0,2,2
20211030,1,1G,3,3G,2,2G,3,3G,1,1G,0,0,0,0,2,2
20211031,1,1G,3,3G,2,2G,3,3G,1,1G,0,0,0,0,2,2
20211101,1,1G,3,3G,2,2G,3,3G,1,1G,0,0,0,0,2,2
20211102,1,1G,3,3G,2,2G,3,3G,1,1G,0,0,0,0,2,2
20211103,1,1G,3,3G,2,2G,3,3G,1,1G,0,0,0,0,2,2
20211104,1,1G,3,3G,2,2G,3,3G,1,1G,0,0,0,0,2,2
20211105,1,1G,3,3G,2,2G,3,3G,1,1G,0,0,0,0,2,2
20211106,1,1G,3,3G,2,2G,3,3G,1,1G,0,0,0,0,2,2
20211107,1,1G,3,3G,2,2G,3,3G,1,1G,0,0,0,0,2,2
20211108,1,1G,3,3G,2,2G,3,3G,1,1G,0,0,0,0,2,2
20211109,1,1G,3,3G,2,2G,3,3G,1,1G,0,0,0,0,2,2
20211110,1,1G,3,3G,2,2G,3,3G,1,1G,0,0,0,0,2,2
20211111,1,1G,3,3G,2,2G,3,3G,1,1G,0,0,0,0,2,2
20211112,1,1G,3,3G,2,2G,3,3G,1,1G,0,0,0,0,2,2
20211113,1,1G,3,3G,2,2G,3,3G,1,1G,0,0,0,0,2,2
20211114,1,1G,3,3G,2,2G,3,3G,1,1G,0,0,0,0,2,2
20211115,1,1G,3,3G,2,2G,3,3G,1,1G,0,0,0,0,2,2
20211116,1,1G,3,3G,2,2G,3,3G,1,1G,0,0,0,0,2,2
20211117,1,1G,3,3G,2,2G,3,3G,1,1G,0,0,0,0,2,2
20211118,1,1G,3,3G,2,2G,3,3G,1,1G,0,0,0,0,2,2
20211119,1,1G,3,3G,2,2G,3,3G,1,1G,0,0,0,0,2,2
20211120,1,1G,3,3G,2,2G,3,3G,1,1G,0,0,0,0,2,2
20211121,1,1G,3,3G,2,2G,3,3G,1,1G,0,0,0,0,2,2
20211122,1,1G,3,3G,2,2G,3,3G,1,1G,0,0,0,0,2,2
20211123,1,1G,3,3G,2,2G,3,3G,1,1G,0,0,0,0,2,2
20211124,1,1G,3,3G,2,2G,3,3G,1,1G,0,0,0,0,2,2
20211125,1,1G,3,3G,2,2G,3,3G,1,1G,0,0,0,0,2,2
20211126,1,1G,3,3G,2,2G,3,3G,1,1G,0,0,0,0,2,2
20211127,1,1G,3,3G,2,2G,3,3G,1,1G,0,0,0,0,2,2
20211128,1,1G,3,3G,2,2G,3,3G,1,1G,0,0,0,0,2,2
20211129,1,1G,3,3G,2,2G,3,3G,1,1G,0,0,0,0,2,2
20211130,2,2G,3,3G,2,2G,3,3G,0,0,1,1G,0,0,2,2
20211201,2,2G,3,3G,2,2G,3,3G,0,0,1,1G,0,0,2,2
20211202,2,2G,3,3G,2,2G,3,3G,0,0,1,1G,0,0,2,2
20211203,2,2G,3,3G,2,2G,3,3G,0,0,1,1G,0,0,2,2
20211204,2,2G,3,3G,2,2G,3,3G,0,0,1,1G,0,0,2,2
20211205,2,2G,3,3G,2,2G,3,3G,0,0,1,1G,0,0,2,2
20211206,2,2G,3,3G,2,2G,3,3G,0,0,1,1G,0,0,2,2
20211207,2,2G,3,3G,2,2G,3,3G,0,0,1,1G,0,0,2,2
20211208,2,2G,3,3G,2,2G,3,3G,0,0,1,1G,0,0,2,2
20211209,2,2G,3,3G,2,2G,3,3G,0,0,1,1G,0,0,2,2
20211210,2,2G,3,3G,2,2G,3,3G,0,0,1,1G,0,0,2,2
20211211,2,2G,3,3G,2,2G,3,3G,0,0,1,1G,0,0,2,2
20211212,2,2G,3,3G,2,2G,3,3G,0,0,1,1G,0,0,2,2
20211213,2,2G,3,3G,2,2G,3,3G,0,0,1,1G,0,0,2,2
20211214,2,2G,3,3G,2,2G,3,3G,0,0,1,1G,0,0,2,2
20211215,2,2G,3,3G,2,2G,3,3G,0,0,1,1G,0,0,2,2
20211216,2,2G,3,3G,2,2G,3,3G,0,0,1,1G,0,0,2,2
20211217,2,2G,3,3G,2,2G,3,3G,0,0,1,1G,0,0,2,2
20211218,2,2G,3,3G,2,2G,3,3G,0,0,1,1G,0,0,2,2
20211219,2,2G,3,3G,2,2G,3,3G,0,0,1,1G,0,0,2,2
20211220,2,2G,3,3G,2,2G,3,3G,0,0,1,1G,0,0,2,2
20211221,2,2G,3,3G,2,2G,3,3G,0,0,1,1G,0,0,2,2
20211222,2,2G,3,3G,2,2G,3,3G,0,0,1,1G,0,0,2,2
20211223,2,2G,3,3G,2,2G,3,3G,0,0,1,1G,0,0,2,2
20211224,2,2G,3,3G,2,2G,3,3G,0,0,1,1G,0,0,2,2
20211225,2,2G,3,3G,2,2G,3,3G,0,0,1,1G,0,0,2,2
20211226,2,2G,3,3G,2,2G,3,3G,0,0,1,1G,0,0,2,2
20211227,2,2G,3,3G,2,2G,3,3G,0,0,1,1G,0,0,2,2
20211228,2,2G,3,3G,2,2G,3,3G,0,0,1,1G,0,0,2,2
20211229,2,2G,3,3G,2,2G,3,3G,0,0,1,1G,0,0,2,2
20211230,2,2G,3,3G,2,2G,3,3G,0,0,1,1G,0,0,2,2
20211231,2,2G,3,3G,2,2G,3,3G,0,0,1,1G,0,0,2,2
20220101,2,2G,1,1G,1,1G,3,3G,0,0,1,1G,0,0,2,2
20220102,2,2G,1,1G,1,1G,3,3G,0,0,1,1G,0,0,2,2
20220103,2,2G,1,1G,1,1G,3,3G,0,0,1,1G,0,0,2,2
20220104,2,2G,1,1G,1,1G,3,3G,0,0,1,1G,0,0,2,2
20220105,2,2G,1,1G,1,1G,3,3G,0,0,1,1G,0,0,2,2
20220106,2,2G,1,1G,1,1G,3,3G,0,0,1,1G,0,0,2,2
20220107,2,2G,1,1G,1,1G,3,3G,0,0,1,1G,0,0,2,2
20220108,2,2G,1,1G,1,1G,3,3G,0,0,1,1G,0,0,2,2
20220109,2,2G,1,1G,1,1G,3,3G,0,0,1,1G,0,0,2,2
20220110,1,1G,1,1G,1,1G,3,3G,0,0,1,1G,0,0,2,2
20220111,1,1G,1,1G,1,1G,3,3G,0,0,1,1G,0,0,2,2
20220112,1,1G,1,1G,1,1G,3,3G,0,0,1,1G,0,0,2,2
20220113,1,1G,1,1G,1,1G,3,3G,0,0,1,1G,0,0,2,2
20220114,1,1G,1,1G,1,1G,3,3G,0,0,1,1G,0,0,2,2
20220115,1,1G,1,1G,1,1G,3,3G,0,0,1,1G,0,0,2,2
20220116,1,1G,1,1G,1,1G,3,3G,0,0,1,1G,0,0,2,2
20220117,1,1G,1,1G,1,1G,3,3G,0,0,1,1G,0,0,2,2
20220118,1,1G,1,1G,1,1G,3,3G,0,0,1,1G,0,0,2,2
20220119,1,1G,1,1G,1,1G,3,3G,0,0,1,1G,0,0,2,2
20220120,1,1G,1,1G,1,1G,3,3G,0,0,1,1G,0,0,2,2
20220121,1,1G,1,1G,1,1G,3,3G,0,0,1,1G,0,0,2,2
20220122,1,1G,1,1G,1,1G,3,3G,0,0,1,1G,0,0,2,2
20220123,1,1G,1,1G,1,1G,3,3G,0,0,1,1G,0,0,2,2
20220124,1,1G,1,1G,1,1G,3,3G,0,0,1,1G,0,0,2,2
20220125,1,1G,1,1G,1,1G,3,3G,0,0,1,1G,0,0,2,2
20220126,1,1G,1,1G,1,1G,2,2G,0,0,1,1G,0,0,2,2
20220127,1,1G,1,1G,1,1G,2,2G,0,0,1,1G,0,0,2,2
20220128,1,1G,1,1G,1,1G,2,2G,0,0,1,1G,0,0,2,2
20220129,1,1G,1,1G,1,1G,2,2G,0,0,1,1G,0,0,2,2
20220130,1,1G,1,1G,1,1G,2,2G,0,0,1,1G,0,0,2,2
20220131,1,1G,1,1G,1,1G,2,2G,0,0,1,1G,0,0,2,2
20220201,1,1G,1,1G,1,1G,2,2G,0,0,1,1G,0,0,2,2
20220202,1,1G,1,1G,1,1G,2,2G,0,0,1,1G,0,0,2,2
20220203,1,1G,1,1G,1,1G,2,2G,0,0,1,1G,0,0,2,2
20220204,1,1G,1,1G,1,1G,2,2G,0,0,1,1G,0,0,2,2
20220205,1,1G,1,1G,1,1G,2,2G,0,0,1,1G,0,0,2,2
20220206,1,1G,1,1G,1,1G,2,2G,0,0,1,1G,0,0,2,2
20220207,1,1G,1,1G,1,1G,2,2G,0,0,1,1G,0,0,2,2
20220208,1,1G,1,1G,1,1G,2,2G,0,0,1,1G,0,0,2,2
20220209,1,1G,1,1G,1,1G,2,2G,0,0,1,1G,0,0,2,2
20220210,1,1G,1,1G,1,1G,2,2G,0,0,1,1G,0,0,2,2
20220211,1,1G,1,1G,1,1G,2,2G,0,0,1,1G,0,0,2,2
20220212,1,1G,1,1G,1,1G,2,2G,0,0,1,1G,0,0,2,2
20220213,1,1G,1,1G,1,1G,2,2G,0,0,1,1G,0,0,2,2
20220214,1,1G,1,1G,1,1G,2,2G,0,0,1,1G,0,0,2,2
20220215,1,1G,1,1G,1,1G,2,2G,0,0,1,1G,0,0,2,2
20220216,1,1G,1,1G,1,1G,2,2G,0,0,1,1G,0,0,2,2
20220217,1,1G,1,1G,1,1G,2,2G,0,0,1,1G,0,0,2,2
20220218,1,1G,1,1G,1,1G,2,2G,0,0,1,1G,0,0,2,2
20220219,1,1G,1,1G,1,1G,2,2G,0,0,1,1G,0,0,2,2
20220220,1,1G,1,1G,1,1G,2,2G,0,0,1,1G,0,0,2,2
20220221,1,1G,1,1G,1,1G,2,2G,0,0,1,1G,0,0,2,2
20220222,1,1G,1,1G,1,1G,2,2G,0,0,1,1G,0,0,2,2
20220223,1,1G,1,1G,1,1G,2,2G,0,0,1,1G,0,0,2,2
20220224,1,1G,1,1G,1,1G,2,2G,0,0,1,1G,0,0,2,2
20220225,1,1G,1,1G,1,1G,2,2G,0,0,1,1G,0,0,2,2
20220226,1,1G,1,1G,1,1G,2,2G,0,0,1,1G,0,0,2,2
20220227,1,1G,1,1G,1,1G,2,2G,0,0,1,1G,0,0,2,2
20220228,1,1G,1,1G,1,1G,2,2G,0,0,1,1G,0,0,2,2
20220301,1,1G,1,1G,1,1G,2,2G,0,0,1,1G,0,0,2,2
20220302,1,1G,1,1G,1,1G,2,2G,0,0,1,1G,0,0,2,2
20220303,1,1G,1,1G,1,1G,2,2G,0,0,1,1G,0,0,2,2
20220304,1,1G,1,1G,1,1G,2,2G,0,0,1,1G,0,0,2,2
20220305,1,1G,1,1G,1,1G,2,2G,0,0,1,1G,0,0,2,2
20220306,1,1G,1,1G,1,1G,2,2G,0,0,1,1G,0,0,2,2
20220307,1,1G,1,1G,1,1G,2,2G,0,0,1,1G,0,0,2,2
20220308,1,1G,1,1G,1,1G,2,2G,0,0,1,1G,0,0,2,2
20220309,1,1G,1,1G,1,1G,2,2G,0,0,1,1G,0,0,2,2
20220310,1,1G,1,1G,1,1G,2,2G,0,0,1,1G,0,0,2,2
20220311,1,1G,1,1G,1,1G,2,2G,0,0,1,1G,0,0,2,2
20220312,1,1G,1,1G,1,1G,2,2G,0,0,1,1G,0,0,2,2
20220313,1,1G,1,1G,1,1G,2,2G,0,0,1,1G,0,0,2,2
20220314,1,1G,1,1G,1,1G,2,2G,0,0,1,1G,0,0,2,2
20220315,1,1G,1,1G,1,1G,2,2G,0,0,1,1G,0,0,2,2
20220316,1,1G,1,1G,1,1G,2,2G,0,0,1,1G,0,0,2,2
20220317,1,1G,1,1G,1,1G,2,2G,0,0,1,1G,0,0,2,2
20220318,1,1G,1,1G,1,1G,2,2G,0,0,1,1G,0,0,2,2
20220319,1,1G,1,1G,1,1G,2,2G,0,0,1,1G,0,0,2,2
20220320,1,1G,1,1G,1,1G,2,2G,0,0,1,1G,0,0,2,2
20220321,1,1G,1,1G,1,1G,2,2G,0,0,1,1G,0,0,2,2
20220322,1,1G,1,1G,1,1G,2,2G,0,0,1,1G,0,0,2,2
20220323,1,1G,1,1G,1,1G,2,2G,0,0,1,1G,0,0,2,2
20220324,1,1G,1,1G,1,1G,2,2G,0,0,1,1G,0,0,2,2
20220325,1,1G,1,1G,1,1G,2,2G,0,0,1,1G,0,0,2,2
20220326,1,1G,1,1G,1,1G,2,2G,0,0,1,1G,0,0,2,2
20220327,1,1G,1,1G,1,1G,2,2G,0,0,1,1G,0,0,2,2
20220328,1,1G,1,1G,1,1G,1,1G,1,1G,1,1G,1,1G,2,2
20220329,1,1G,1,1G,1,1G,1,1G,1,1G,1,1G,1,1G,2,2
20220330,1,1G,1,1G,1,1G,1,1G,1,1G,1,1G,1,1G,2,2
20220331,1,1G,1,1G,1,1G,1,1G,1,1G,1,1G,1,1G,2,2
20220401,1,1G,1,1G,1,1G,1,1G,1,1G,1,1G,1,1G,2,2
20220402,1,1G,1,1G,1,1G,1,1G,1,1G,1,1G,1,1G,2,2
20220403,1,1G,1,1G,1,1G,1,1G,1,1G,1,1G,1,1G,2,2
20220404,1,1G,1,1G,1,1G,1,1G,1,1G,1,1G,1,1G,2,2
20220405,1,1G,1,1G,1,1G,1,1G,1,1G,1,1G,1,1G,2,2
20220406,1,1G,1,1G,1,1G,1,1G,1,1G,1,1G,1,1G,2,2
20220407,1,1G,1,1G,1,1G,1,1G,1,1G,1,1G,1,1G,2,2
20220408,1,1G,1,1G,1,1G,1,1G,1,1G,1,1G,1,1G,2,2
20220409,1,1G,1,1G,1,1G,1,1G,1,1G,1,1G,1,1G,2,2
20220410,1,1G,1,1G,1,1G,1,1G,1,1G,1,1G,1,1G,2,2
20220411,1,1G,1,1G,1,1G,1,1G,1,1G,1,1G,1,1G,2,2
20220412,1,1G,1,1G,1,1G,1,1G,1,1G,1,1G,1,1G,2,2
20220413,1,1G,1,1G,1,1G,1,1G,1,1G,1,1G,1,1G,2,2
20220414,1,1G,1,1G,1,1G,1,1G,1,1G,1,1G,1,1G,2,2
20220415,1,1G,1,1G,1,1G,1,1G,1,1G,1,1G,1,1G,2,2
20220416,1,1G,1,1G,1,1G,1,1G,1,1G,1,1G,1,1G,2,2
20220417,1,1G,1,1G,1,1G,1,1G,1,1G,1,1G,1,1G,2,2
20220418,1,1G,1,1G,1,1G,1,1G,1,1G,1,1G,1,1G,2,2
20220419,1,1G,1,1G,1,1G,1,1G,1,1G,1,1G,1,1G,2,2
20220420,1,1G,1,1G,1,1G,1,1G,1,1G,1,1G,1,1G,2,2
20220421,1,1G,1,1G,1,1G,1,1G,1,1G,1,1G,1,1G,2,2
20220422,1,1G,1,1G,1,1G,1,1G,1,1G,1,1G,1,1G,2,2
20220423,1,1G,1,1G,1,1G,1,1G,1,1G,1,1G,1,1G,2,2
20220424,1,1G,1,1G,1,1G,1,1G,1,1G,1,1G,1,1G,2,2
20220425,1,1G,1,1G,1,1G,1,1G,1,1G,1,1G,1,1G,2,2
20220426,1,1G,1,1G,1,1G,1,1G,1,1G,1,1G,1,1G,2,2
20220427,1,1G,1,1G,1,1G,1,1G,1,1G,1,1G,1,1G,2,2
20220428,1,1G,1,1G,1,1G,1,1G,1,1G,1,1G,1,1G,2,2
20220429,1,1G,1,1G,1,1G,1,1G,1,1G,1,1G,1,1G,2,2
20220430,1,1G,1,1G,1,1G,1,1G,1,1G,1,1G,1,1G,2,2
20220501,1,1G,1,1G,1,1G,1,1G,1,1G,1,1G,1,1G,2,2
20220502,1,1G,1,1G,1,1G,1,1G,1,1G,1,1G,1,1G,2,2
20220503,1,1G,1,1G,1,1G,1,1G,1,1G,1,1G,1,1G,2,2
20220504,1,1G,1,1G,1,1G,1,1G,1,1G,1,1G,1,1G,2,2
20220505,1,1G,1,1G,1,1G,1,1G,1,1G,1,1G,1,1G,2,2
20220506,1,1G,1,1G,1,1G,1,1G,1,1G,1,1G,1,1G,2,2
20220507,1,1G,1,1G,1,1G,1,1G,1,1G,1,1G,1,1G,2,2
20220508,1,1G,1,1G,1,1G,1,1G,1,1G,1,1G,1,1G,2,2
20220509,1,1G,1,1G,1,1G,1,1G,1,1G,1,1G,1,1G,2,2
20220510,1,1G,1,1G,1,1G,1,1G,1,1G,1,1G,1,1G,2,2
20220511,1,1G,1,1G,1,1G,1,1G,1,1G,1,1G,1,1G,2,2
20220512,1,1G,1,1G,1,1G,1,1G,1,1G,1,1G,1,1G,2,2
20220513,1,1G,1,1G,1,1G,1,1G,1,1G,1,1G,1,1G,2,2
20220514,1,1G,1,1G,1,1G,1,1G,1,1G,1,1G,1,1G,2,2
20220515,0,0,1,1G,1,1G,1,1G,1,1G,1,1G,1,1G,2,2
20220516,0,0,1,1G,0,0,0,0,1,1G,0,0,0,0,1,1
20220517,0,0,1,1G,0,0,0,0,1,1G,0,0,0,0,1,1
20220518,0,0,1,1G,0,0,0,0,1,1G,0,0,0,0,1,1
20220519,0,0,1,1G,0,0,0,0,1,1G,0,0,0,0,1,1
20220520,0,0,1,1G,0,0,0,0,1,1G,0,0,0,0,1,1
20220521,0,0,1,1G,0,0,0,0,1,1G,0,0,0,0,1,1
20220522,0,0,1,1G,0,0,0,0,1,1G,0,0,0,0,1,1
20220523,0,0,1,1G,0,0,0,0,1,1G,0,0,0,0,1,1
20220524,0,0,1,1G,0,0,0,0,1,1G,0,0,0,0,1,1
20220525,0,0,1,1G,0,0,0,0,1,1G,0,0,0,0,1,1
20220526,0,0,1,1G,0,0,0,0,1,1G,0,0,0,0,1,1
20220527,0,0,1,1G,0,0,0,0,1,1G,0,0,0,0,1,1
20220528,0,0,1,1G,0,0,0,0,1,1G,0,0,0,0,1,1
20220529,0,0,1,1G,0,0,0,0,1,1G,0,0,0,0,1,1
20220530,0,0,1,1G,0,0,0,0,1,1G,0,0,0,0,1,1
20220531,0,0,1,1G,0,0,0,0,1,1G,0,0,0,0,1,1
20220601,0,0,1,1G,0,0,0,0,0,0,0,0,0,0,0,0
20220602,0,0,1,1G,0,0,0,0,0,0,0,0,0,0,0,0
20220603,0,0,1,1G,0,0,0,0,0,0,0,0,0,0,0,0
20220604,0,0,1,1G,0,0,0,0,0,0,0,0,0,0,0,0
20220605,0,0,1,1G,0,0,0,0,0,0,0,0,0,0,0,0
20220606,0,0,1,1G,0,0,0,0,0,0,0,0,0,0,0,0
20220607,0,0,1,1G,0,0,0,0,0,0,0,0,0,0,0,0
20220608,0,0,1,1G,0,0,0,0,0,0,0,0,0,0,0,0
20220609,0,0,1,1G,0,0,0,0,0,0,0,0,0,0,0,0
20220610,0,0,1,1G,0,0,0,0,0,0,0,0,0,0,0,0
20220611,0,0,1,1G,0,0,0,0,0,0,0,0,0,0,0,0
20220612,0,0,1,1G,0,0,0,0,0,0,0,0,0,0,0,0
20220613,0,0,1,1G,0,0,0,0,0,0,0,0,0,0,0,0
20220614,0,0,1,1G,0,0,0,0,0,0,0,0,0,0,0,0
20220615,0,0,1,1G,0,0,0,0,0,0,0,0,0,0,0,0
20220616,0,0,1,1G,0,0,0,0,0,0,0,0,0,0,0,0
20220617,0,0,1,1G,0,0,0,0,0,0,0,0,0,0,0,0
20220618,0,0,1,1G,0,0,0,0,0,0,0,0,0,0,0,0
20220619,0,0,1,1G,0,0,0,0,0,0,0,0,0,0,0,0
20220620,0,0,1,1G,0,0,0,0,0,0,0,0,0,0,0,0
20220621,0,0,1,1G,0,0,0,0,0,0,0,0,0,0,0,0
20220622,0,0,1,1G,0,0,0,0,0,0,0,0,0,0,0,0
20220623,0,0,1,1G,0,0,0,0,0,0,0,0,0,0,0,0
20220624,0,0,1,1G,0,0,0,0,0,0,0,0,0,0,0,0
20220625,0,0,1,1G,0,0,0,0,0,0,0,0,0,0,0,0
20220626,0,0,1,1G,0,0,0,0,0,0,0,0,0,0,0,0
20220627,0,0,1,1G,0,0,0,0,0,0,0,0,0,0,0,0
20220628,0,0,1,1G,0,0,0,0,0,0,0,0,0,0,0,0
20220629,0,0,1,1G,0,0,0,0,0,0,0,0,0,0,0,0
20220630,0,0,1,1G,0,0,0,0,0,0,0,0,0,0,0,0
20220701,0,0,1,1G,0,0,0,0,0,0,0,0,0,0,0,0
20220702,0,0,1,1G,0,0,0,0,0,0,0,0,0,0,0,0
20220703,0,0,1,1G,0,0,0,0,0,0,0,0,0,0,0,0
20220704,,,,,,,,,,,,,,,,
20220705,,,,,,,,,,,,,,,,
20220706,,,,,,,,,,,,,,,,
