Dates,Susceptible,VaccinatedSusceptible,Infected,VaccinatedInfected,Hospitalized,VaccinatedHospitalized,Recovered,Extinct,Vaccinations
15/03/2020,896004,0,1,0,0,0,0,0,0
16/03/2020,896004,0,1,0,0,0,0,0,0
17/03/2020,896004,0,1,0,0,0,0,0,0
18/03/2020,896004,0,1,0,0,0,0,0,0
19/03/2020,896002,0,3,0,0,0,0,0,0
20/03/2020,896002,0,3,0,0,0,0,0,0
21/03/2020,896002,0,3,0,0,0,0,0,0
22/03/2020,896001,0,4,0,0,0,0,0,0
23/03/2020,895998,0,7,0,0,0,0,0,0
24/03/2020,895996,0,9,0,0,0,0,0,0
25/03/2020,895994,0,11,0,2,0,0,0,0
26/03/2020,895992,0,13,0,2,0,0,0,0
27/03/2020,895988,0,17,0,3,0,0,0,0
28/03/2020,895986,0,19,0,4,0,0,0,0
29/03/2020,895985,0,20,0,5,0,0,0,0
30/03/2020,895982,0,23,0,6,0,0,0,0
31/03/2020,895979,0,26,0,6,0,0,0,0
01/04/2020,895974,0,31,0,6,0,0,0,0
02/04/2020,895973,0,32,0,4,0,0,0,0
03/04/2020,895971,0,34,0,5,0,0,0,0
04/04/2020,895968,0,37,0,4,0,0,0,0
05/04/2020,895967,0,38,0,4,0,0,0,0
06/04/2020,895963,0,42,0,4,0,0,0,0
07/04/2020,895955,0,50,0,4,0,0,0,0
08/04/2020,895953,0,52,0,2,0,0,0,0
09/04/2020,895949,0,56,0,3,0,0,0,0
10/04/2020,895947,0,58,0,3,0,0,0,0
11/04/2020,895943,0,62,0,3,0,0,0,0
12/04/2020,895936,0,69,0,2,0,0,0,0
13/04/2020,895932,0,73,0,3,0,0,0,0
14/04/2020,895922,0,83,0,4,0,0,0,0
15/04/2020,895920,0,85,0,4,0,0,0,0
16/04/2020,895919,0,86,0,6,0,0,0,0
17/04/2020,895919,0,86,0,6,0,0,0,0
18/04/2020,895917,0,88,0,5,0,0,0,0
19/04/2020,895917,0,88,0,5,0,0,0,0
20/04/2020,895912,0,93,0,5,0,0,0,0
21/04/2020,895908,0,97,0,6,0,0,0,0
22/04/2020,895906,0,99,0,4,0,0,0,0
23/04/2020,895903,0,102,0,5,0,0,0,0
24/04/2020,895902,0,103,0,5,0,0,0,0
25/04/2020,895900,0,105,0,4,0,0,0,0
26/04/2020,895900,0,105,0,4,0,0,0,0
27/04/2020,895893,0,112,0,4,0,0,0,0
28/04/2020,895893,0,112,0,5,0,0,0,0
29/04/2020,895891,0,114,0,3,0,0,0,0
30/04/2020,895891,0,114,0,3,0,0,0,0
01/05/2020,895888,0,117,0,2,0,0,0,0
02/05/2020,895885,0,120,0,2,0,0,0,0
03/05/2020,895885,0,120,0,2,0,0,0,0
04/05/2020,895885,0,120,0,2,0,0,0,0
05/05/2020,895883,0,122,0,2,0,0,0,0
06/05/2020,895883,0,122,0,2,0,0,0,0
07/05/2020,895882,0,123,0,1,0,0,0,0
08/05/2020,895882,0,123,0,1,0,0,0,0
09/05/2020,895881,0,124,0,2,0,0,0,0
10/05/2020,895881,0,124,0,2,0,0,0,0
11/05/2020,895881,0,124,0,2,0,0,0,0
12/05/2020,895880,0,125,0,1,0,0,0,0
13/05/2020,895880,0,125,0,1,0,0,0,0
14/05/2020,895879,0,126,0,1,0,0,0,0
15/05/2020,895878,0,127,0,1,0,0,0,0
16/05/2020,895877,0,128,0,1,0,0,0,0
17/05/2020,895877,0,128,0,1,0,0,0,0
18/05/2020,895877,0,128,0,1,0,0,0,0
19/05/2020,895875,0,130,0,1,0,0,0,0
20/05/2020,895874,0,131,0,1,0,0,0,0
21/05/2020,895871,0,134,0,2,0,0,0,0
22/05/2020,895914,0,91,0,2,0,43,0,0
23/05/2020,895950,0,55,0,2,0,81,0,0
24/05/2020,895964,0,41,0,2,0,95,0,0
25/05/2020,895980,0,25,0,2,0,112,0,0
26/05/2020,895985,0,20,0,2,0,117,0,0
27/05/2020,895987,0,18,0,2,0,120,0,0
28/05/2020,895988,0,17,0,2,0,121,0,0
29/05/2020,895988,0,17,0,2,0,122,0,0
30/05/2020,895988,0,17,0,2,0,122,0,0
31/05/2020,895987,0,18,0,2,0,122,0,0
01/06/2020,895986,0,19,0,2,0,122,0,0
02/06/2020,895986,0,19,0,2,0,122,0,0
03/06/2020,895986,0,19,0,2,0,122,0,0
04/06/2020,895986,0,19,0,2,0,122,0,0
05/06/2020,895987,0,18,0,2,0,124,0,0
06/06/2020,895986,0,19,0,2,0,124,0,0
07/06/2020,895986,0,19,0,2,0,124,0,0
08/06/2020,895985,0,20,0,2,0,124,0,0
09/06/2020,895985,0,20,0,2,0,124,0,0
10/06/2020,895983,0,22,0,3,0,124,0,0
11/06/2020,895985,0,20,0,3,0,128,0,0
12/06/2020,895985,0,20,0,3,0,128,0,0
13/06/2020,895985,0,20,0,3,0,129,0,0
14/06/2020,895989,0,16,0,3,0,133,0,0
15/06/2020,895990,0,15,0,3,0,134,0,0
16/06/2020,895990,0,15,0,3,0,134,0,0
17/06/2020,895990,0,15,0,2,0,134,0,0
18/06/2020,895992,0,13,0,1,0,136,0,0
19/06/2020,895992,0,13,0,1,0,136,0,0
20/06/2020,895991,0,14,0,1,0,136,0,0
21/06/2020,895991,0,14,0,1,0,136,0,0
22/06/2020,895991,0,14,0,0,0,136,0,0
23/06/2020,895992,0,13,0,0,0,137,0,0
24/06/2020,895992,0,13,0,0,0,137,0,0
25/06/2020,895991,0,14,0,0,0,138,0,0
26/06/2020,895991,0,14,0,0,0,138,0,0
27/06/2020,895991,0,14,0,0,0,138,0,0
28/06/2020,895991,0,14,0,1,0,139,0,0
29/06/2020,895991,0,14,0,1,0,140,0,0
30/06/2020,895991,0,14,0,1,0,141,0,0
01/07/2020,895991,0,14,0,1,0,141,0,0
02/07/2020,895995,0,10,0,1,0,145,0,0
03/07/2020,895997,0,8,0,1,0,148,0,0
04/07/2020,895995,0,10,0,1,0,148,0,0
05/07/2020,895995,0,10,0,1,0,148,0,0
06/07/2020,895995,0,10,0,0,0,148,0,0
07/07/2020,895994,0,11,0,0,0,148,0,0
08/07/2020,895993,0,12,0,0,0,148,0,0
09/07/2020,895993,0,12,0,0,0,148,0,0
10/07/2020,895987,0,18,0,0,0,148,0,0
11/07/2020,895987,0,18,0,0,0,148,0,0
12/07/2020,895986,0,19,0,0,0,148,0,0
13/07/2020,895986,0,19,0,0,0,149,0,0
14/07/2020,895985,0,20,0,0,0,149,0,0
15/07/2020,895980,0,25,0,1,0,149,0,0
16/07/2020,895980,0,25,0,1,0,149,0,0
17/07/2020,895979,0,26,0,1,0,151,0,0
18/07/2020,895978,0,27,0,1,0,151,0,0
19/07/2020,895978,0,27,0,1,0,151,0,0
20/07/2020,895978,0,27,0,1,0,153,0,0
21/07/2020,895978,0,27,0,1,0,153,0,0
22/07/2020,895973,0,32,0,0,0,153,0,0
23/07/2020,895972,0,33,0,0,0,153,0,0
24/07/2020,895969,0,36,0,1,0,154,0,0
25/07/2020,895967,0,38,0,1,0,154,0,0
26/07/2020,895966,0,39,0,1,0,154,0,0
27/07/2020,895966,0,39,0,1,0,156,0,0
28/07/2020,895962,0,43,0,1,0,157,0,0
29/07/2020,895956,0,49,0,4,0,158,0,0
30/07/2020,895940,0,65,0,5,0,159,0,0
31/07/2020,895932,0,73,0,4,0,159,0,0
01/08/2020,895931,0,74,0,4,0,165,0,0
02/08/2020,895927,0,78,0,4,0,165,0,0
03/08/2020,895914,0,91,0,3,0,165,0,0
04/08/2020,895906,0,99,0,4,0,166,0,0
05/08/2020,895904,0,101,0,5,0,171,0,0
06/08/2020,895900,0,105,0,5,0,172,0,0
07/08/2020,895893,0,112,0,5,0,173,0,0
08/08/2020,895889,0,116,0,5,0,173,0,0
09/08/2020,895888,0,117,0,4,0,176,0,0
10/08/2020,895876,0,129,0,4,0,177,0,0
11/08/2020,895867,0,138,0,4,0,177,0,0
12/08/2020,895863,0,142,0,1,0,178,0,0
13/08/2020,895860,0,145,0,1,0,184,0,0
14/08/2020,895854,0,151,0,1,0,187,0,0
15/08/2020,895852,0,153,0,1,0,188,0,0
16/08/2020,895847,0,158,0,1,0,189,0,0
17/08/2020,895842,0,163,0,1,0,191,0,0
18/08/2020,895831,0,174,0,1,0,193,0,0
19/08/2020,895835,0,170,0,1,0,202,0,0
20/08/2020,895833,0,172,0,1,0,209,0,0
21/08/2020,895839,0,166,0,0,0,223,0,0
22/08/2020,895847,0,158,0,0,0,234,0,0
23/08/2020,895845,0,160,0,0,0,238,0,0
24/08/2020,895841,0,164,0,0,0,243,0,0
25/08/2020,895847,0,158,0,0,0,256,0,0
26/08/2020,895844,0,161,0,1,0,264,0,0
27/08/2020,895845,0,160,0,1,0,270,0,0
28/08/2020,895848,0,157,0,1,0,276,0,0
29/08/2020,895854,0,151,0,2,0,284,0,0
30/08/2020,895856,0,149,0,3,0,288,0,0
31/08/2020,895859,0,146,0,2,0,292,0,0
01/09/2020,895871,0,134,0,2,0,306,0,0
02/09/2020,895879,0,126,0,2,0,315,0,0
03/09/2020,895883,0,122,0,2,0,320,0,0
04/09/2020,895889,0,116,0,0,0,330,0,0
05/09/2020,895895,0,110,0,0,0,337,0,0
06/09/2020,895899,0,106,0,0,0,341,0,0
07/09/2020,895905,0,100,0,0,0,348,0,0
08/09/2020,895910,0,95,0,0,0,355,0,0
09/09/2020,895920,0,85,0,0,0,367,0,0
10/09/2020,895924,0,81,0,0,0,373,0,0
11/09/2020,895930,0,75,0,0,0,383,0,0
12/09/2020,895933,0,72,0,0,0,390,0,0
13/09/2020,895935,0,70,0,0,0,392,0,0
14/09/2020,895934,0,71,0,1,0,397,0,0
15/09/2020,895936,0,69,0,1,0,407,0,0
16/09/2020,895935,0,70,0,1,0,414,0,0
17/09/2020,895937,0,68,0,2,0,424,0,0
18/09/2020,895931,0,74,0,2,0,429,0,0
19/09/2020,895925,0,80,0,2,0,431,0,0
20/09/2020,895918,0,87,0,4,0,433,0,0
21/09/2020,895913,0,92,0,4,0,435,0,0
22/09/2020,895902,0,103,0,5,0,436,0,0
23/09/2020,895881,0,124,0,6,0,439,0,0
24/09/2020,895874,0,131,0,8,0,441,0,0
25/09/2020,895857,0,148,0,8,0,443,0,0
26/09/2020,895863,0,142,0,10,0,453,0,0
27/09/2020,895851,0,154,0,12,0,457,0,0
28/09/2020,895830,0,175,0,10,0,457,0,0
29/09/2020,895818,0,187,0,7,0,458,0,0
30/09/2020,895806,0,199,0,7,0,460,0,0
01/10/2020,895797,0,208,0,5,0,462,0,0
02/10/2020,895784,0,221,0,6,0,465,0,0
03/10/2020,895769,0,236,0,5,0,469,0,0
04/10/2020,895762,0,243,0,5,0,477,0,0
05/10/2020,895735,0,270,0,5,0,477,0,0
06/10/2020,895727,0,278,0,4,0,484,0,0
07/10/2020,895700,0,305,0,3,0,491,0,0
08/10/2020,895688,0,317,0,6,0,499,0,0
09/10/2020,895662,0,343,0,4,0,507,0,0
10/10/2020,895657,0,348,0,4,0,518,0,0
11/10/2020,895624,0,381,0,4,0,525,0,0
12/10/2020,895578,0,427,0,6,0,535,0,0
13/10/2020,895533,0,472,0,7,0,544,0,0
14/10/2020,895457,0,548,0,6,0,555,0,0
15/10/2020,895351,0,654,0,12,0,578,0,0
16/10/2020,895257,0,748,0,14,0,587,0,0
17/10/2020,895194,0,811,0,22,0,599,0,0
18/10/2020,895157,0,848,0,21,0,604,0,0
19/10/2020,895050,0,955,0,24,0,620,0,0
20/10/2020,894946,0,1059,0,21,0,641,0,0
21/10/2020,894819,0,1186,0,24,0,652,0,0
22/10/2020,894692,0,1313,0,21,0,664,0,0
23/10/2020,894585,0,1420,0,21,0,674,0,0
24/10/2020,894527,0,1478,0,23,0,688,0,0
25/10/2020,894450,0,1555,0,22,0,699,0,0
26/10/2020,894323,0,1682,0,24,0,718,0,0
27/10/2020,894246,0,1759,0,25,0,746,0,0
28/10/2020,894170,0,1835,0,23,0,760,0,0
29/10/2020,894076,0,1929,0,26,0,792,0,0
30/10/2020,893927,0,2078,0,26,0,814,0,0
31/10/2020,893845,0,2160,0,25,0,850,0,0
01/11/2020,893730,0,2275,0,24,0,866,0,0
02/11/2020,893608,0,2397,0,24,0,906,0,0
03/11/2020,893512,0,2493,0,24,0,959,0,0
04/11/2020,893340,0,2665,0,27,0,1013,0,0
05/11/2020,893232,0,2773,0,32,0,1103,0,0
06/11/2020,893122,0,2883,0,30,0,1231,0,0
07/11/2020,893095,0,2910,0,28,0,1338,0,0
08/11/2020,893100,0,2905,0,30,0,1427,0,0
09/11/2020,892955,0,3050,0,31,0,1468,0,0
10/11/2020,892919,0,3086,0,26,0,1596,0,0
11/11/2020,892860,0,3145,0,26,0,1727,0,0
12/11/2020,892792,0,3213,0,24,0,1867,0,0
13/11/2020,892760,0,3245,0,25,0,2006,0,0
14/11/2020,892740,0,3265,0,28,0,2121,0,0
15/11/2020,892695,0,3310,0,24,0,2194,0,0
16/11/2020,892536,0,3469,0,26,0,2284,0,0
17/11/2020,892456,0,3549,0,26,0,2430,0,0
18/11/2020,892306,0,3699,0,29,0,2534,0,0
19/11/2020,892145,0,3860,0,33,0,2634,0,0
20/11/2020,892007,0,3998,0,42,0,2791,0,0
21/11/2020,892084,0,3921,0,42,0,3061,0,0
22/11/2020,892087,0,3918,0,46,0,3264,0,0
23/11/2020,892022,0,3983,0,47,0,3470,0,0
24/11/2020,892041,0,3964,0,52,0,3740,0,0
25/11/2020,892072,0,3933,0,53,0,4029,0,0
26/11/2020,892198,0,3807,0,57,0,4384,0,0
27/11/2020,892253,0,3752,0,58,0,4699,0,0
28/11/2020,892277,0,3728,0,64,0,4932,0,0
29/11/2020,892233,0,3772,0,70,0,5056,0,0
30/11/2020,892027,0,3978,0,70,0,5167,0,0
01/12/2020,891889,0,4116,0,64,0,5368,0,0
02/12/2020,891843,0,4162,0,65,0,5572,0,0
03/12/2020,891805,0,4200,0,62,0,5843,0,0
04/12/2020,891876,0,4129,0,59,0,6155,1,0
05/12/2020,891922,0,4083,0,65,0,6316,1,0
06/12/2020,891958,0,4047,0,71,0,6412,1,0
07/12/2020,892098,0,3907,0,69,0,6643,1,0
08/12/2020,892232,0,3773,0,68,0,6883,1,0
09/12/2020,892231,0,3774,0,68,0,7058,1,0
10/12/2020,892120,0,3885,0,67,0,7205,1,0
11/12/2020,891920,0,4085,0,68,0,7312,1,0
12/12/2020,891777,0,4228,0,69,0,7507,1,0
13/12/2020,891560,0,4445,0,70,0,7611,1,0
14/12/2020,891429,0,4576,0,74,0,7844,2,0
15/12/2020,891209,0,4796,0,78,0,7998,2,0
16/12/2020,891082,0,4923,0,79,0,8232,2,0
17/12/2020,890939,0,5066,0,72,0,8539,2,0
18/12/2020,890870,0,5135,0,76,0,8816,2,0
19/12/2020,890716,0,5289,0,84,0,8957,2,0
20/12/2020,890601,0,5404,0,92,0,9094,2,0
21/12/2020,890433,0,5572,0,99,0,9382,2,0
22/12/2020,890331,0,5674,0,99,0,9676,2,0
23/12/2020,890222,0,5783,0,114,0,9948,2,0
24/12/2020,890201,0,5804,0,109,0,10206,2,0
25/12/2020,890315,0,5690,0,113,0,10358,2,0
26/12/2020,890157,0,5848,0,116,0,10551,2,0
27/12/2020,889759,164,6082,0,119,0,10661,2,164
28/12/2020,889103,365,6537,0,119,0,10914,2,365
29/12/2020,888582,495,6928,0,125,0,11109,3,495
30/12/2020,887998,656,7351,0,120,0,11274,3,656
31/12/2020,887400,871,7734,0,120,0,11424,3,871
01/01/2021,887332,892,7781,0,135,0,11557,3,892
02/01/2021,886823,1026,8156,0,145,0,11822,3,1026
03/01/2021,886555,1183,8267,0,144,0,12162,3,1183
04/01/2021,886101,1478,8426,0,141,0,12635,3,1478
05/01/2021,885617,1734,8654,0,140,0,12996,3,1734
06/01/2021,885502,1758,8745,0,156,0,13319,3,1758
07/01/2021,885175,1938,8892,0,164,0,13664,3,1938
08/01/2021,884943,2148,8914,0,171,0,14012,4,2148
09/01/2021,884831,2210,8964,0,182,0,14285,4,2210
10/01/2021,884775,2282,8948,0,187,0,14540,4,2282
11/01/2021,884650,2480,8875,0,184,0,14913,4,2480
12/01/2021,884851,2653,8501,0,181,0,15536,5,2653
13/01/2021,885494,2833,7678,0,187,0,16611,5,2833
14/01/2021,885650,3020,7335,0,186,0,17152,6,3020
15/01/2021,885881,3188,6935,1,184,0,17789,6,3189
16/01/2021,886120,3287,6597,1,181,0,18292,6,3288
17/01/2021,886892,3301,5810,2,199,0,19229,9,3303
18/01/2021,887172,3555,5275,3,192,0,19914,11,3558
19/01/2021,887478,3676,4848,3,189,0,20516,12,3679
20/01/2021,887671,3803,4528,3,183,0,20995,12,3806
21/01/2021,887788,3917,4296,4,173,0,21342,12,3921
22/01/2021,888089,4006,3906,4,170,0,21832,13,4010
23/01/2021,888252,4027,3720,6,171,0,22137,15,4033
24/01/2021,888469,4055,3475,6,167,0,22484,15,4061
25/01/2021,888654,4140,3205,6,160,0,22883,15,4146
26/01/2021,888768,4235,2995,7,153,0,23220,15,4242
27/01/2021,888848,4370,2778,9,154,0,23541,15,4379
28/01/2021,888855,4492,2649,9,155,0,23792,16,4501
29/01/2021,888932,4578,2485,10,147,0,24074,16,4588
30/01/2021,889016,4602,2377,10,145,0,24272,16,4612
31/01/2021,889077,4617,2300,11,151,1,24447,17,4628
01/02/2021,889097,4703,2192,13,144,1,24653,18,4716
02/02/2021,889036,4857,2097,15,140,1,24882,18,4872
03/02/2021,888951,4991,2048,15,138,1,25044,18,5006
04/02/2021,888852,5122,2015,16,132,2,25209,18,5138
05/02/2021,888740,5253,1996,16,134,2,25354,19,5269
06/02/2021,888679,5310,2002,14,127,2,25453,19,5324
07/02/2021,888662,5361,1968,14,133,2,25578,20,5375
08/02/2021,888572,5508,1910,15,127,2,25742,21,5523
09/02/2021,888399,5714,1875,17,119,2,25874,21,5731
10/02/2021,888261,5903,1826,15,118,3,26029,23,5918
11/02/2021,887979,6191,1821,14,117,3,26128,24,6205
12/02/2021,887849,6356,1787,13,111,2,26248,24,6369
13/02/2021,887636,6545,1810,14,118,1,26337,25,6559
14/02/2021,887609,6583,1797,16,117,2,26444,25,6599
15/02/2021,887380,6830,1777,18,118,2,26564,26,6848
16/02/2021,887151,7067,1771,16,122,2,26666,27,7083
17/02/2021,886969,7308,1713,15,120,2,26816,27,7323
18/02/2021,886709,7570,1711,15,121,2,26936,28,7585
19/02/2021,886443,7881,1666,15,114,2,27060,28,7896
20/02/2021,886129,8180,1683,13,121,3,27168,28,8193
21/02/2021,886054,8250,1689,12,126,3,27255,28,8262
22/02/2021,885738,8544,1713,10,125,3,27392,28,8554
23/02/2021,885286,8944,1765,10,123,4,27499,28,8954
24/02/2021,884830,9331,1831,13,124,4,27589,28,9344
25/02/2021,884243,9799,1950,13,123,4,27675,28,9812
26/02/2021,883671,10276,2044,14,120,3,27767,28,10290
27/02/2021,883192,10569,2228,16,121,3,27844,28,10585
28/02/2021,883039,10598,2350,18,127,5,27929,28,10616
01/03/2021,882447,11081,2458,19,116,5,28061,28,11100
02/03/2021,881740,11629,2617,19,121,5,28157,28,11648
03/03/2021,881087,12101,2797,20,124,6,28240,28,12121
04/03/2021,880591,12421,2973,20,135,6,28343,28,12441
05/03/2021,880004,12867,3114,20,145,5,28467,28,12887
06/03/2021,879512,13125,3345,23,153,4,28544,28,13148
07/03/2021,879275,13166,3538,26,172,4,28637,28,13192
08/03/2021,878577,13621,3779,28,180,4,28774,28,13649
09/03/2021,877749,14217,4008,31,193,4,28914,29,14248
10/03/2021,876816,14865,4289,35,202,4,29077,30,14900
11/03/2021,875963,15481,4516,45,222,5,29222,30,15526
12/03/2021,875010,16200,4745,50,223,8,29392,30,16250
13/03/2021,874386,16615,4950,54,219,10,29527,30,16669
14/03/2021,874207,16650,5089,59,231,8,29726,31,16709
15/03/2021,874022,16735,5186,62,239,9,29889,31,16797
16/03/2021,873667,16924,5341,73,245,8,30169,31,16997
17/03/2021,873330,17086,5507,82,236,9,30382,31,17168
18/03/2021,873051,17254,5613,87,227,9,30612,31,17341
19/03/2021,872795,17457,5658,95,223,9,30937,31,17552
20/03/2021,872581,17569,5756,99,222,8,31173,31,17668
21/03/2021,872426,17617,5856,106,227,7,31425,31,17723
22/03/2021,871982,18061,5850,112,233,6,31857,31,18173
23/03/2021,871434,18661,5787,123,237,8,32217,31,18784
24/03/2021,870859,19282,5737,127,231,7,32593,31,19409
25/03/2021,870813,19350,5710,132,226,9,32912,31,19482
26/03/2021,870577,19668,5626,134,219,9,33328,31,19802
27/03/2021,870482,19776,5600,147,218,9,33621,31,19923
28/03/2021,870456,19814,5587,148,227,10,33931,31,19962
29/03/2021,870185,19992,5670,158,214,10,34311,31,20150
30/03/2021,869795,20388,5661,161,204,7,34707,32,20549
31/03/2021,869296,20866,5679,164,199,8,35133,32,21030
01/04/2021,869131,20928,5770,176,213,9,35438,32,21104
02/04/2021,868348,21592,5876,189,207,11,35847,32,21781
03/04/2021,868194,21712,5900,199,221,11,36194,32,21911
04/04/2021,867987,21789,6032,197,225,12,36483,33,21986
05/04/2021,867160,22453,6194,198,220,11,36943,33,22651
06/04/2021,866083,23372,6343,207,225,8,37322,33,23579
07/04/2021,865308,23931,6542,224,220,8,37643,33,24155
08/04/2021,864360,24613,6803,229,224,7,37967,35,24842
09/04/2021,863495,25253,7016,241,214,8,38290,35,25494
10/04/2021,862819,25697,7243,246,221,12,38560,36,25943
11/04/2021,862690,25743,7325,247,227,15,38867,36,25990
12/04/2021,862080,26150,7536,239,232,14,39286,36,26389
13/04/2021,861313,26700,7736,256,222,16,39676,36,26956
14/04/2021,860132,27663,7944,266,240,18,40083,37,27929
15/04/2021,858747,28819,8161,278,257,19,40521,37,29097
16/04/2021,857458,29852,8405,290,272,18,40980,38,30142
17/04/2021,856361,30509,8844,291,277,19,41340,38,30800
18/04/2021,855969,30534,9201,301,290,20,41700,40,30835
19/04/2021,854577,31543,9563,322,305,21,42328,41,31865
20/04/2021,852979,32842,9858,326,304,18,42853,41,33168
21/04/2021,851503,33966,10187,349,312,22,43364,41,34315
22/04/2021,849900,35288,10449,368,311,24,43907,41,35656
23/04/2021,848071,36774,10782,378,311,26,44480,41,37152
24/04/2021,846408,38056,11131,410,308,27,44910,41,38466
25/04/2021,846282,38084,11219,420,316,27,45370,42,38504
26/04/2021,844087,39955,11514,449,321,31,45956,42,40404
27/04/2021,842083,41867,11590,465,310,30,46560,43,42332
28/04/2021,839801,44062,11656,486,301,28,47219,44,44548
29/04/2021,837119,46691,11677,518,303,24,47901,44,47209
30/04/2021,834065,49927,11487,526,294,26,48610,45,50453
01/05/2021,831895,52376,11218,516,296,24,49243,45,52892
02/05/2021,832422,52469,10615,499,306,23,49905,45,52968
03/05/2021,832599,52594,10310,502,302,22,50651,46,53096
04/05/2021,829372,56027,10092,514,297,27,51572,48,56541
05/05/2021,826658,59263,9572,512,278,26,52635,49,59775
06/05/2021,824677,61682,9139,507,276,27,53489,49,62189
07/05/2021,821684,65384,8449,488,260,27,54538,50,65872
08/05/2021,819410,67994,8103,498,266,27,55279,50,68492
09/05/2021,819654,68132,7734,485,258,29,55925,50,68617
10/05/2021,816820,71555,7184,446,245,28,56867,51,72001
11/05/2021,813836,75064,6679,426,229,28,57669,52,75490
12/05/2021,810782,78704,6115,404,217,26,58461,52,79108
13/05/2021,808056,81922,5657,370,215,24,59166,52,82292
14/05/2021,805984,84553,5133,335,209,24,59898,53,84888
15/05/2021,804520,86223,4924,338,206,25,60264,53,86561
16/05/2021,804318,86556,4798,333,213,26,60535,53,86889
17/05/2021,802018,89163,4508,316,197,24,61027,53,89479
18/05/2021,800889,90716,4102,298,195,25,61602,53,91014
19/05/2021,798765,93292,3675,273,193,27,62174,53,93565
20/05/2021,797360,95039,3357,249,181,25,62623,53,95288
21/05/2021,796315,96386,3079,225,177,20,63060,53,96611
22/05/2021,795276,97626,2885,218,167,19,63359,53,97844
23/05/2021,795410,97706,2685,204,167,18,63630,53,97910
24/05/2021,792975,100452,2388,190,155,18,64038,54,100642
25/05/2021,792420,101258,2166,161,149,17,64369,55,101419
26/05/2021,791127,102730,2000,148,147,15,64620,56,102878
27/05/2021,789597,104372,1895,141,143,15,64816,56,104513
28/05/2021,788401,105717,1762,125,133,12,65033,56,105842
29/05/2021,787899,106301,1683,122,133,12,65180,56,106423
30/05/2021,787956,106380,1554,115,132,12,65360,56,106495
31/05/2021,787849,106654,1398,104,128,11,65580,56,106758
01/06/2021,787624,106981,1291,109,124,11,65754,56,107090
02/06/2021,787509,107174,1220,102,120,10,65881,56,107276
03/06/2021,785478,109256,1165,106,117,12,66000,56,109362
04/06/2021,784444,110355,1090,116,117,11,66137,57,110471
05/06/2021,783661,111188,1043,113,116,11,66236,57,111301
06/06/2021,783624,111277,995,109,114,10,66320,58,111386
07/06/2021,783329,111616,956,104,113,9,66429,58,111720
08/06/2021,782179,112772,946,108,113,7,66517,58,112880
09/06/2021,780520,114431,946,108,110,7,66588,58,114539
10/06/2021,779733,115240,928,104,111,8,66663,58,115344
11/06/2021,777754,117239,910,102,108,8,66743,58,117341
12/06/2021,776675,118329,894,107,104,8,66798,58,118436
13/06/2021,776620,118390,886,109,102,9,66851,58,118499
14/06/2021,774826,120191,873,115,103,9,66915,58,120306
15/06/2021,773111,121899,873,122,104,8,66985,58,122021
16/06/2021,772201,122793,890,121,109,8,67046,58,122914
17/06/2021,771394,123582,913,116,112,8,67096,58,123698
18/06/2021,770795,124173,924,113,117,8,67165,58,124286
19/06/2021,770121,124826,951,107,117,8,67215,58,124933
20/06/2021,769993,124932,967,113,121,8,67258,58,125045
21/06/2021,769887,125019,985,114,121,8,67320,58,125133
22/06/2021,769324,125505,1046,130,121,8,67395,58,125635
23/06/2021,768452,126278,1130,145,119,10,67462,58,126423
24/06/2021,767743,126863,1234,165,121,10,67516,58,127028
25/06/2021,766855,127586,1379,185,114,9,67579,58,127771
26/06/2021,766535,127728,1523,219,114,11,67633,58,127947
27/06/2021,766328,127746,1686,245,122,12,67679,58,127991
28/06/2021,765611,128184,1928,282,124,12,67742,58,128466
29/06/2021,764370,129084,2220,331,131,11,67822,58,129415
30/06/2021,763423,129561,2641,380,123,12,67884,58,129941
01/07/2021,762214,130318,3030,443,127,13,67957,58,130761
02/07/2021,761291,130683,3494,537,130,14,68038,58,131220
03/07/2021,759957,131497,3926,625,130,13,68108,58,132122
04/07/2021,759496,131473,4346,690,138,16,68182,58,132163
05/07/2021,758102,132014,5079,810,146,21,68290,58,132824
06/07/2021,757028,132234,5803,940,142,19,68400,58,133174
07/07/2021,755512,132916,6497,1080,151,19,68580,58,133996
08/07/2021,753486,134004,7284,1231,158,19,68747,58,135235
09/07/2021,751188,135421,8031,1365,159,25,68959,58,136786
10/07/2021,750372,135487,8677,1469,172,26,69140,58,136956
11/07/2021,749774,135444,9239,1548,176,29,69365,58,136992
12/07/2021,747197,137121,9940,1747,179,28,69743,59,138868
13/07/2021,745350,138144,10632,1879,191,33,70150,60,140023
14/07/2021,743535,139223,11210,2037,197,34,70626,60,141260
15/07/2021,741178,140868,11808,2151,206,34,71182,60,143019
16/07/2021,739070,142354,12354,2227,211,33,71814,60,144581
17/07/2021,738363,142554,12772,2316,229,32,72360,60,144870
18/07/2021,738002,142521,13093,2389,241,34,72867,60,144910
19/07/2021,736881,143265,13369,2490,244,34,73840,62,145755
20/07/2021,735700,144303,13483,2519,251,36,74758,62,146822
21/07/2021,734627,145253,13578,2547,263,38,75739,62,147800
22/07/2021,733781,146167,13537,2520,268,41,76790,62,148687
23/07/2021,732989,147064,13402,2550,262,41,77877,62,149614
24/07/2021,732867,147168,13387,2583,260,42,78735,62,149751
25/07/2021,732843,147211,13362,2589,284,42,79475,62,149800
26/07/2021,732210,148100,13109,2586,282,41,80754,63,150686
27/07/2021,731788,148878,12809,2530,298,42,81937,63,151408
28/07/2021,731582,149515,12411,2497,301,41,83128,64,152012
29/07/2021,731443,150188,11945,2429,291,40,84369,64,152617
30/07/2021,731586,150862,11216,2341,288,37,85845,64,153203
31/07/2021,731984,150975,10735,2311,293,41,87007,64,153286
01/08/2021,732587,151098,10061,2259,303,45,88026,64,153357
02/08/2021,732789,151808,9283,2125,304,38,89573,64,153933
03/08/2021,732952,152728,8336,1989,302,40,91153,64,154717
04/08/2021,732407,154354,7472,1772,297,41,92764,64,156126
05/08/2021,732363,155206,6777,1659,294,43,94132,64,156865
06/08/2021,732560,155830,6075,1540,293,45,95427,64,157370
07/08/2021,732820,155937,5749,1499,297,45,96229,64,157436
08/08/2021,733005,156032,5505,1463,295,45,96856,64,157495
09/08/2021,732204,157290,5118,1393,287,46,97955,65,158683
10/08/2021,732022,157802,4844,1337,276,52,98710,66,159139
11/08/2021,731783,158237,4678,1307,263,56,99361,67,159544
12/08/2021,731162,158985,4581,1277,266,59,99875,68,160262
13/08/2021,731085,159402,4299,1219,261,58,100596,70,160621
14/08/2021,731176,159441,4179,1209,258,55,101048,70,160650
15/08/2021,731338,159553,3974,1140,258,53,101428,70,160693
16/08/2021,730956,160099,3841,1109,253,57,102055,71,161208
17/08/2021,730750,160447,3741,1067,260,56,102522,71,161514
18/08/2021,729754,161539,3646,1066,253,50,102982,74,162605
19/08/2021,729315,162120,3530,1040,246,49,103471,76,163160
20/08/2021,728978,162635,3390,1002,245,46,103976,77,163637
21/08/2021,729005,162703,3332,965,246,46,104342,78,163668
22/08/2021,729120,162749,3190,946,251,46,104689,80,163695
23/08/2021,728502,163526,3024,953,251,45,105184,80,164479
24/08/2021,727980,164132,2947,946,245,43,105554,82,165078
25/08/2021,727600,164576,2876,953,243,41,105864,83,165529
26/08/2021,726763,165443,2859,940,231,45,106176,85,166383
27/08/2021,726444,165933,2722,906,230,44,106595,86,166839
28/08/2021,726483,166000,2639,883,226,43,106905,87,166883
29/08/2021,726555,166003,2551,896,230,45,107148,88,166899
30/08/2021,725667,167067,2415,856,226,48,107628,90,167923
31/08/2021,725181,167650,2320,854,216,49,107945,90,168504
01/09/2021,724798,168126,2234,847,213,47,108219,90,168973
02/09/2021,724320,168630,2221,834,218,47,108480,91,169464
03/09/2021,723809,169218,2160,818,211,46,108787,93,170036
04/09/2021,723838,169230,2096,841,213,45,109001,93,170071
05/09/2021,723883,169255,2031,836,224,48,109194,94,170091
06/09/2021,722280,170977,1942,806,221,48,109550,95,171783
07/09/2021,721708,171618,1872,807,215,46,109783,97,172425
08/09/2021,721045,172374,1815,771,213,44,110041,98,173145
09/09/2021,720760,172765,1741,739,213,40,110283,98,173504
10/09/2021,720595,173093,1612,705,210,37,110572,98,173798
11/09/2021,720341,173431,1534,699,204,36,110761,98,174130
12/09/2021,720394,173457,1474,680,205,38,110923,98,174137
13/09/2021,719733,174205,1422,645,205,40,111181,99,174850
14/09/2021,719428,174584,1366,627,196,41,111395,99,175211
15/09/2021,719190,174860,1348,607,192,42,111577,99,175467
16/09/2021,718921,175199,1287,598,190,40,111759,99,175797
17/09/2021,718748,175454,1243,560,180,41,111951,99,176014
18/09/2021,718165,176075,1213,552,186,40,112099,99,176627
19/09/2021,718205,176098,1161,541,188,41,112230,99,176639
20/09/2021,717717,176624,1159,505,183,43,112413,99,177129
21/09/2021,717609,176795,1103,498,180,44,112568,99,177293
22/09/2021,717514,176899,1093,499,177,44,112678,99,177398
23/09/2021,717358,177086,1062,499,176,42,112817,99,177585
24/09/2021,717229,177267,1032,477,173,41,112989,99,177744
25/09/2021,716784,177772,992,457,171,42,113112,99,178229
26/09/2021,716811,177802,956,436,171,44,113226,99,178238
27/09/2021,716713,177960,919,413,171,44,113399,99,178373
28/09/2021,716577,178111,908,409,166,45,113507,99,178520
29/09/2021,716474,178244,879,408,160,47,113630,99,178652
30/09/2021,716194,178528,877,406,156,48,113742,99,178934
01/10/2021,716192,178577,850,386,152,50,113839,99,178963
02/10/2021,715869,178864,887,385,150,50,113922,99,179249
03/10/2021,715865,178889,886,365,150,50,114000,100,179254
04/10/2021,715663,179128,857,357,146,50,114141,100,179485
05/10/2021,715429,179339,875,362,145,47,114221,100,179701
06/10/2021,715246,179505,885,369,143,46,114293,100,179874
07/10/2021,715072,179642,904,387,147,45,114376,100,180029
08/10/2021,714761,179925,920,399,151,45,114478,100,180324
09/10/2021,714665,179996,935,409,145,46,114564,101,180405
10/10/2021,714572,180092,918,423,145,46,114642,101,180515
11/10/2021,714364,180288,913,440,146,42,114786,101,180728
12/10/2021,714157,180424,950,474,147,44,114865,101,180898
13/10/2021,714016,180531,964,494,148,42,114956,101,181025
14/10/2021,713815,180679,1000,511,151,40,115039,101,181190
15/10/2021,713580,180913,1006,506,150,38,115159,101,181419
16/10/2021,713469,180975,1042,519,147,39,115227,101,181494
17/10/2021,713453,180970,1053,529,149,40,115289,102,181499
18/10/2021,713205,181207,1065,528,150,42,115443,102,181735
19/10/2021,713035,181371,1066,533,150,45,115576,102,181904
20/10/2021,712827,181550,1081,547,147,47,115687,102,182097
21/10/2021,712526,181818,1115,546,143,46,115788,102,182364
22/10/2021,712381,181974,1097,553,141,45,115955,102,182527
23/10/2021,712100,182246,1108,551,144,49,116065,102,182797
24/10/2021,712129,182260,1075,541,144,49,116174,102,182801
25/10/2021,711926,182425,1092,562,145,45,116320,102,182987
26/10/2021,711792,182538,1103,572,144,45,116441,102,183110
27/10/2021,711555,182727,1129,594,144,44,116560,103,183321
28/10/2021,711549,182722,1124,610,148,44,116640,103,183332
29/10/2021,711388,182867,1124,626,151,43,116817,103,183493
30/10/2021,711164,183057,1143,641,148,43,116931,103,183698
31/10/2021,711162,183067,1138,638,153,44,117049,103,183705
01/11/2021,710940,183164,1194,707,155,47,117208,103,183871
02/11/2021,710770,183284,1240,711,154,46,117360,103,183995
03/11/2021,710601,183360,1286,758,155,47,117475,103,184118
04/11/2021,710347,183508,1342,808,156,50,117592,103,184316
05/11/2021,710215,183627,1332,831,154,51,117776,103,184458
06/11/2021,709928,183846,1377,854,155,48,117888,103,184700
07/11/2021,709932,183841,1364,868,157,47,117997,103,184709
08/11/2021,709647,183990,1462,906,156,49,118179,103,184896
09/11/2021,709416,184146,1511,932,153,48,118325,104,185078
10/11/2021,709178,184276,1572,979,154,49,118481,104,185255
11/11/2021,708902,184467,1616,1020,161,49,118667,104,185487
12/11/2021,708785,184638,1600,982,164,50,118918,104,185620
13/11/2021,708528,184822,1635,1020,166,48,119076,104,185842
14/11/2021,708530,184812,1625,1038,166,52,119256,104,185850
15/11/2021,708217,185003,1727,1058,164,56,119543,104,186061
16/11/2021,707885,185109,1882,1129,161,56,119724,104,186238
17/11/2021,707564,185255,2023,1163,158,56,119882,104,186418
18/11/2021,707227,185406,2138,1234,159,57,120083,104,186640
19/11/2021,706982,185517,2218,1288,163,53,120347,104,186805
20/11/2021,706711,185756,2240,1298,168,57,120570,104,187054
21/11/2021,706701,185762,2240,1302,172,60,120757,104,187064
22/11/2021,706253,186011,2386,1355,172,61,121079,104,187366
23/11/2021,705878,186198,2486,1443,171,65,121313,104,187641
24/11/2021,705532,186353,2579,1541,169,69,121531,104,187894
25/11/2021,704954,186792,2676,1583,166,67,121841,104,188375
26/11/2021,704469,187138,2778,1620,168,64,122192,104,188758
27/11/2021,704043,187441,2808,1713,175,62,122495,104,189154
28/11/2021,704039,187387,2808,1771,177,61,122740,104,189158
29/11/2021,703459,187792,2898,1856,176,62,123216,104,189648
30/11/2021,702859,188122,3054,1970,177,67,123556,105,190092
01/12/2021,702284,188448,3222,2051,176,64,123814,105,190499
02/12/2021,701660,188869,3348,2128,178,61,124149,105,190997
03/12/2021,701253,189228,3407,2117,178,60,124623,105,191345
04/12/2021,700778,189609,3466,2152,184,59,124953,105,191761
05/12/2021,700805,189628,3419,2153,186,57,125271,105,191781
06/12/2021,700205,190078,3542,2180,190,56,125876,105,192258
07/12/2021,699746,190408,3678,2173,190,56,126322,105,192581
08/12/2021,699268,190723,3800,2214,194,61,126730,106,192937
09/12/2021,698815,191058,3885,2247,206,64,127209,106,193305
10/12/2021,698561,191370,3869,2205,203,58,127834,106,193575
11/12/2021,698253,191597,3894,2261,206,58,128239,107,193858
12/12/2021,698289,191602,3843,2271,210,58,128658,110,193873
13/12/2021,697864,191932,3916,2293,212,58,129326,110,194225
14/12/2021,697332,192263,4019,2391,214,62,129746,110,194654
15/12/2021,696826,192574,4152,2453,218,65,130138,111,195027
16/12/2021,696261,192978,4203,2563,215,70,130626,111,195541
17/12/2021,695940,193333,4138,2594,219,67,131301,111,195927
18/12/2021,695626,193634,4106,2639,225,68,131789,111,196273
19/12/2021,695622,193626,4100,2657,228,71,132237,111,196283
20/12/2021,695140,194048,4082,2735,230,66,132986,112,196783
21/12/2021,694557,194297,4250,2901,227,68,133529,112,197198
22/12/2021,694133,194370,4404,3098,228,59,134031,112,197468
23/12/2021,693725,194523,4467,3290,219,57,134677,112,197813
24/12/2021,693675,194372,4501,3457,223,59,135387,112,197829
25/12/2021,693800,194393,4370,3442,219,53,135864,112,197835
26/12/2021,693585,194044,4581,3795,223,54,136358,112,197839
27/12/2021,692908,193597,4971,4529,222,57,137260,113,198126
28/12/2021,692046,192614,5584,5761,228,56,137857,114,198375
29/12/2021,690943,190956,6387,7719,237,52,138440,115,198675
30/12/2021,689813,188878,7258,10056,235,51,139225,115,198934
31/12/2021,688875,186953,8077,12100,230,54,140118,115,199053
01/01/2022,688569,185704,8372,13360,239,60,140791,115,199064
02/01/2022,687260,183944,9419,15382,250,65,141486,116,199326
03/01/2022,684988,181696,11208,18113,243,67,142713,116,199809
04/01/2022,682873,179699,12970,20463,247,73,143476,117,200162
05/01/2022,680680,177767,14911,22647,247,83,144566,117,200414
06/01/2022,680069,176934,15512,23490,251,88,146118,117,200424
07/01/2022,678351,176485,16995,24174,243,92,149273,117,200659
08/01/2022,677120,177007,17828,24050,254,97,152267,117,201057
09/01/2022,676717,177575,18227,23486,268,96,155437,118,201061
10/01/2022,675701,178816,18946,22542,265,96,159793,119,201358
11/01/2022,674796,179747,19562,21900,270,104,162775,119,201647
12/01/2022,674028,180579,20107,21291,271,112,166004,119,201870
13/01/2022,673638,182291,20198,19878,268,116,170346,120,202169
14/01/2022,674133,184299,19502,18071,268,114,175508,121,202370
15/01/2022,674730,186104,18680,16491,276,115,180037,121,202595
16/01/2022,675553,187417,17854,15181,275,120,184000,124,202598
17/01/2022,675008,188268,18165,14564,277,107,187083,124,202832
18/01/2022,675695,189604,17314,13392,275,107,191168,125,202996
19/01/2022,675805,190391,16970,12839,275,100,194202,125,203230
20/01/2022,675881,191157,16746,12221,284,99,197110,125,203378
21/01/2022,676689,192258,15797,11261,281,99,201132,126,203519
22/01/2022,677004,193001,15287,10713,278,97,204076,128,203714
23/01/2022,677640,193740,14651,9974,289,96,207223,128,203714
24/01/2022,677537,193983,14623,9862,275,92,210217,130,203845
25/01/2022,677680,194217,14393,9715,280,92,212863,131,203932
26/01/2022,677337,194177,14607,9884,291,93,214975,133,204061
27/01/2022,676762,194094,15091,10058,287,96,216800,133,204152
28/01/2022,676960,194229,14789,10027,281,96,219583,136,204256
29/01/2022,676857,194348,14703,10097,277,98,221645,137,204445
30/01/2022,676798,194365,14757,10085,286,98,223779,137,204450
31/01/2022,675948,193883,15542,10632,282,104,225844,138,204515
01/02/2022,675416,193681,16009,10899,280,108,227956,138,204580
02/02/2022,674755,193247,16580,11423,284,117,229838,138,204670
03/02/2022,673979,192846,17289,11891,278,111,231606,140,204737
04/02/2022,674060,192834,17131,11980,273,112,234456,140,204814
05/02/2022,673934,192867,17132,12072,270,118,236733,140,204939
06/02/2022,674135,192965,16913,11992,275,126,239223,142,204957
07/02/2022,673636,192653,17352,12364,273,129,241707,143,205017
08/02/2022,673514,192470,17432,12589,257,133,244152,146,205059
09/02/2022,673203,192168,17682,12952,259,133,246197,148,205120
10/02/2022,672943,191951,17884,13227,264,130,248372,149,205178
11/02/2022,673413,192423,17341,12828,255,122,251768,149,205251
12/02/2022,673938,192810,16761,12496,259,122,254610,153,205306
13/02/2022,674439,193295,16258,12013,260,125,257587,153,205308
14/02/2022,674321,193456,16344,11884,262,121,260534,156,205340
15/02/2022,674431,193656,16211,11707,260,120,263310,158,205363
16/02/2022,674339,193697,16290,11679,264,129,265679,159,205376
17/02/2022,674202,193901,16418,11484,260,128,267871,161,205385
18/02/2022,674718,194469,15876,10942,256,122,271164,162,205411
19/02/2022,675260,194972,15328,10445,255,124,273914,162,205417
20/02/2022,675592,195541,14993,9879,254,127,276571,163,205420
21/02/2022,675427,195781,15154,9643,260,123,279225,165,205424
22/02/2022,675623,195885,14951,9546,257,125,281676,167,205431
23/02/2022,675488,195863,15076,9578,248,131,283608,168,205441
24/02/2022,675559,195948,15003,9495,248,130,285599,169,205443
25/02/2022,676298,196383,14257,9067,241,132,288505,169,205450
26/02/2022,676885,196743,13667,8710,242,129,290969,171,205453
27/02/2022,677512,197157,13039,8297,243,130,293388,173,205454
28/02/2022,677384,197169,13161,8291,242,125,295520,174,205460
01/03/2022,677632,197224,12910,8239,243,127,297724,175,205463
02/03/2022,677428,197117,13110,8350,240,122,299428,175,205467
03/03/2022,677259,197026,13275,8445,236,118,301185,176,205471
04/03/2022,677660,197239,12860,8246,234,116,303764,177,205485
05/03/2022,677868,197438,12648,8051,232,117,305912,178,205489
06/03/2022,678083,197601,12433,7888,230,124,308000,179,205489
07/03/2022,678232,197704,12281,7788,231,126,309837,180,205492
08/03/2022,676934,197018,13577,8476,237,120,311568,182,205494
09/03/2022,677377,197457,13129,8042,230,120,315384,183,205499
10/03/2022,676593,196937,13908,8567,227,123,317426,183,205504
11/03/2022,676965,197265,13529,8246,220,120,321003,184,205511
12/03/2022,676564,196952,13925,8564,224,118,322976,184,205516
13/03/2022,676508,196825,13976,8696,228,119,325013,184,205521
14/03/2022,675223,196110,15257,9415,233,116,326815,184,205525
15/03/2022,674877,195868,15600,9660,233,118,329421,185,205528
16/03/2022,674232,195368,16243,10162,240,119,331993,186,205530
17/03/2022,673399,195005,17070,10531,242,123,334624,186,205536
18/03/2022,672628,194754,17835,10788,240,119,337386,186,205542
19/03/2022,672704,194668,17750,10883,242,135,340648,186,205551
20/03/2022,672142,194236,18307,11320,250,140,343220,189,205556
21/03/2022,670846,193620,19601,11938,256,147,346535,191,205558
22/03/2022,669927,193047,20517,12514,254,150,349665,192,205561
23/03/2022,668896,192546,21543,13020,247,152,352764,193,205566
24/03/2022,667605,191898,22829,13673,241,151,355867,193,205571
25/03/2022,668054,191950,22370,13631,248,150,359612,193,205581
26/03/2022,667076,191357,23339,14233,255,149,363057,194,205590
27/03/2022,666739,191147,23672,14447,260,152,366838,194,205594
28/03/2022,665415,190394,24989,15207,258,158,371123,196,205601
29/03/2022,665088,190269,25306,15342,261,157,375511,196,205611
30/03/2022,664785,190073,25606,15541,260,157,379557,196,205614
31/03/2022,664764,190271,25624,15346,254,154,383951,197,205617
01/04/2022,665904,190906,24482,14713,255,152,388221,197,205619
02/04/2022,666549,191335,23836,14285,258,162,392991,200,205620
03/04/2022,668001,191946,22381,13677,266,161,397881,201,205623
04/04/2022,668938,192654,21444,12969,262,160,403605,201,205623
05/04/2022,670087,193340,20295,12283,260,163,408240,201,205623
06/04/2022,671490,194325,18891,11299,260,170,413216,201,205624
07/04/2022,672381,195018,17995,10611,254,173,417149,202,205629
08/04/2022,673816,195972,16559,9658,249,168,421453,203,205630
09/04/2022,675043,196758,15332,8872,251,162,425133,203,205630
10/04/2022,676501,197603,13872,8029,251,170,428854,206,205632
11/04/2022,681015,200013,9358,5619,253,169,437771,207,205632
12/04/2022,681761,200634,8611,4999,252,164,440594,208,205633
13/04/2022,682627,201167,7745,4466,246,158,443204,209,205633
14/04/2022,683332,201636,7040,3997,247,158,445546,211,205633
15/04/2022,683912,202002,6459,3632,249,155,447452,213,205634
16/04/2022,684410,202345,5961,3289,253,155,449127,215,205634
17/04/2022,684773,202625,5598,3009,250,151,450505,215,205634
18/04/2022,685480,202919,4891,2715,248,153,452482,215,205634
19/04/2022,685947,203168,4424,2466,242,144,453954,215,205634
20/04/2022,686222,203322,4148,2313,230,142,455164,215,205635
21/04/2022,686630,203408,3740,2227,226,135,456326,216,205635
22/04/2022,686940,203541,3430,2094,225,133,457281,217,205635
23/04/2022,687214,203650,3156,1985,225,138,458117,218,205635
24/04/2022,687517,203798,2852,1838,223,137,458836,219,205636
25/04/2022,687890,203971,2479,1665,226,138,459801,219,205636
26/04/2022,687952,203923,2417,1713,228,134,460559,219,205636
27/04/2022,688048,203975,2321,1661,226,133,461347,220,205636
28/04/2022,688025,204076,2343,1561,226,135,462009,220,205637
29/04/2022,688049,204060,2319,1577,222,129,462518,222,205637
30/04/2022,688012,204061,2355,1577,221,128,462974,225,205638
01/05/2022,687895,204033,2472,1605,220,126,463243,225,205638
02/05/2022,687800,204025,2567,1613,220,126,463664,225,205638
03/05/2022,687960,204202,2406,1437,219,126,464408,226,205639
04/05/2022,688109,204316,2256,1324,217,120,465044,226,205640
05/05/2022,688263,204399,2102,1241,216,117,465636,226,205640
06/05/2022,688340,204514,2025,1126,212,113,466130,226,205640
07/05/2022,688638,204697,1727,943,211,113,466616,226,205640
08/05/2022,688897,204846,1468,794,210,113,467026,226,205640
